체온계1,비접촉식 체온계 CK-1501 / CK-T1503,"76,000원",https://adcr.naver.com/adcr?x=OFt9ktvGcPg/2M2FdVYA9v///w==k6T3poF/de/oBZ/kKsaj4JMcPreI/Pf/UY/yU1JMBYwclMZVaMlJXKSQLZNf01Rtt7ljaIur61C/YUCLpI8bEVzinNUz6nHdcUyQoe5U9GIpsf1+lzbXDWUySw187sw1ZB6L9rPF+oKFhzmTwYMFPwXGHiFgixXQi4Q0kNX34wh68FkxjqRGCS1DGwdx9sgCfqgfp/r/tv2Tzv8A7uge278tt2MSy5+m4K1WceqPfKZ07dK7y9Oa+aTlrJDxUei5/9pcT1ArNjJn8QbpY4dQrM+eOP9XZeEzn5XT8SF5oldvRBynL3p1xj/LBosD8MRtlE1lLTwbmoFBmnNqIk0dklRkCtpgig3BVNUSYdO1uQ7ZlfFaKp/yq057O4RmEkD9n0Zmv38FM7dvmI4MQ1uo0msbaZPCGC78CXcLyYtXNZhStrT8FwRSuDuuXgtV/QTQaPTWyoMj4Qro/5WGHM33T9KyPhSJlfBlXOJE+zvY9Jk3ojTbKTs2lDvuGpBUqlc0FRs/KtK9tmB7F44gJ4x90MiwQpzkAc/JenX9DCWi5kxcssc83mZcNAIhR+IGXasPMuJrZ4ei42C0a4wUplbqZB4uawv7zQkMA2GgycMgUXtzHsHGk/QPIPf47g8MsE04a9bZB/Zh66v8Q+M7VRqa82A==,https://shopping-phinf.pstatic.net/main_8250284/82502841664.jpg?type=f200
체온계2,비접촉 비접촉식 체온계 Thermomerter KF-30,"76,000원",https://adcr.naver.com/adcr?x=ifobRMr6pIIhWmLA+6Dixf///w==koIwgou4boDFtm59vlCHwDJ5hj+UTlIV8wPlRHWmiPrA72Uma9kqInYXsV3wmq52RWmjxMdoxZSgIpajMRchzaakhIV2xCsNTcoWPjgE/HAVPPY0UAFPe6hUsynzYwzbGF5ZHVzhFXtkfJTCYG4HyCRilwIcNUKgE3OaIFtvj8E4Gj7DLLyV+lf4cXvBbSFFfQbXZBH1AKGKziSeKudBUGtTpWHg83ugBg9gLC+UhP5J5mKBgCnCCuTekYnVGjVnMF5m7jjMehPtFstmV+QEKzYn6qirHMBKQvkbbYU5EVaeOvjN7/JNvBl5QjoFkH1mcgqWCVnx3fEV1pH8EYJ2QYJLcquNV1kd2+cKIQdMUME6PlnzVrKyo26OoTQfEr9qOcpCgFY74f4uKxNF9R3sjDLbskGFTk5o+nNKvT3h1BvWuTewogXLdBfWMGZbTEgSotTLC/J9EMaFk6qHEFyg31/rvLCFNhkJiG66ivV4BONW9Ke3mPf6z5SenXKPUrYyT0Tbur9yG2VTnM6COB62c9RAPBDVDIbllpq4ujt18h+Fu07UDrHolSSPqkkku3j72OQ+IyC67WzFEy0cR5FiYy9bOulj1mHy26hZsVBGfsVwfClQCJ8cdIyhFn3vkBVwe93YXBzr3+fbn5YDKvUBV4w==,https://shopping-phinf.pstatic.net/main_8250283/82502832770.jpg?type=f200
체온계3,[정식허가제품] 인트인 비접촉 체온계 YT-1,"132,000원",https://adcr.naver.com/adcr?x=HNW3PZ4bt8n4luOOnC5ocP///w==kM4iNXfvZjt9VZ00LYBej4HOl9dtlU+z2Vb5wSIZ1SFbAgOoPOh+ivtgs7YfT4QIZ2reEMrw8Wuqbb79IiD1uzC5ehZz5v1InWsXtkvtxB4qO+VSgS9lnRCMzYPBb0o8xq7onnxFULMZIItoaOqiVlXKiU7e3okiGKY0EmU9L7sbejes5tMdH9V31zP+LLs4+wH734kRAsmbpM4//ItrfS7vqIOx+8eFojaSyvRpXLc7hDwINdLOk4fKfwiT6PQ+AzeAUzcfqzPdAClFnyLxs05R5oz/wOu1SK2EgWKU7rw4kZsoql4MoWOMu55SBnyCESkJNEXIOtq3MJh13pHqkIDhurK+4TbBTUotIBLi6lvwejtQKxaQ4c1lmJGJON8p7qZTdRmB0vW5w/gcF5bAIofEI6gjCBOy8Vf0JwRqplc6sow0hN0c1FUCveqXAffYyi3pulvwUaJDBSl7ZIv55mNTgB+eetUYUyDFr80+lU+SP+vGlIU/yCqYKTjTS7QPTB8LwpUiOCfSztQ5ihb7PoPP+0Q3jSO/z4gHjXydbed96tuLLNAfja3dMzsk51rV8PMY8Ufcf00xMTZSIseNtOdhxfqcOK54kBP+5SKqerJTSuUh7U2ub9JQ/ipNQqHG0kn5X1U5OfWUOWHp+01M4NLrVry+Ein0+a4ZjdtTlFzLxccGO1dWN83k9wQdMxmQ+7CGfm1Bj2TWy9Ryzb1zGOaLzoxAByWOSOGH+0bev2bo=,https://shopping-phinf.pstatic.net/main_8245866/82458665412.2.jpg?type=f200
체온계4,동방의료기(주)/비접촉체온계/식약처수입면제요건,"68,900원",https://adcr.naver.com/adcr?x=CP0M9EKOGUBsSWv4WzH5nv///w==kkvEaMMdQW7j8dcNShf4DwL30VzIHzvu0c3Teht3qYKum0cBt4Fg8+a//89MtDqz//0rDsz1MY6fxyZqKs7ruQT0RdKkYcJl/Frii4dvBLpHzyZvBcZ5u/N+VHAyX6tPouuxcvdjC9w89S7yMvlKirLtLago+3CTzN9PQbdsl68uEK1Pb5hMRz2H/OpZ+4k9JHEO7XBLT6plWz5z5pKGdY7jMG4abrFZ4cp/wxw68AB2EMqL2EDoO2IOOWmK7C/jc7EgyfJin+cm+L6VLNBSIuoA70bcRfKSNsX4ShAokb8VN2TkHtVL5WtOrgtwnrbucbYVHu8ZBpIzmdrYEVyknMuuMOBacfPJKSV9b/jQRKqhWDhSBYgng/hFksfXIxHT6LbOjQl4k/5baVeR/x/c+/y1ftwNLQbIKsV/d/IP7SsxAN15wi7n1m7n2D/NSoNTKhrIb8GVGM2jHT9L6IteGonxuFydo82uNANewvaZ9TBNIibE1eT6ax8OHaJrJWm6vcW6Sv3LkVdwaibPs6K49KSTFkpQoYmmBQFn5qlu0NeglrLtwL3hV6WY45zOGqJNWjADS7tmV4fth3HnURzu7c8ReYmdv5yrqvsOqT3FH5/+9SSFHfiGdtbzgtgR9AnNC,https://shopping-phinf.pstatic.net/main_8250363/82503635959.3.jpg?type=f200
체온계5,BRAUN 브라운 귀적외선 체온계 IRT-6030,"97,700원",https://cr.shopping.naver.com/adcr.nhn?x=AduYDdJl%2BQoyYmO6VXvhv%2F%2F%2F%2Fw%3D%3Ds7JwjQ5dPRHby8oGkK85Hp6JzVT9P5aC%2FMbD5cMFJMicU4bMLRpcoICXKENrWaIYfXbSLC2pOgwDtxTUurHFMI6K%2BzQNk7ThEyXV0vvcV%2FJlZmxjv1Do9lWaWJ85fr223RgELC6mGuHqxBB%2FrhBS0Ksv%2BjB2erv%2BZ%2Brrs5VHOiTQgGE7%2BZatKjf5hEf1XctkKLcdsufKOMwlgCJPPdm89uj1JGb7nL%2BGyVSx4x7G5Nh3nuoK1ZGJCfmiBA2CZtkZV0hzLXIuOgow2YNG6IuMsT9IvHd%2BKoxjW2oqgu9h0bYUQhkkHXK4%2FmSRy5icYE%2F27CHF0orKxRMyROz0oP3v1McyVL8EmwO1R1GyF1VK5aF61MEpYWf5CdHQt2pL5XlO89HkjSVJ66coF%2BS8tRlQ0H9mJoxuiEus8kouNQ7qFPpdFiBdPxTSuvYOb67FAYBAG5pX0IxA0eXlFPDhyUcd1UZT4jLObQuCtxcylfO3LWjvetD4UYFTAsJtwEH5%2BfKJ30ONlunr06Cm8VjPyI9KcVACb3k6SZVciikX6RM0JinCkvkB4zy1OE4ZEUFSEOLFBY847pLkNEyrsjirFgrLkJ5hm%2BOgVQk63mozvKCPO3W5vU2Y6hEEwGxc1AZfON9sL4VRAH%2BsMDObarUodGweR8Q%3D%3D&nvMid=8692986205&catId=50002047,https://shopping-phinf.pstatic.net/main_8692986/8692986205.20190228095220.jpg?type=f200
체온계6,BRAUN 브라운 IRT-6520 귀체온계,"97,790원",https://cr.shopping.naver.com/adcr.nhn?x=6mD3pxRP5xu0dOLSiUuKUv%2F%2F%2Fw%3D%3DswpBW84AGGxBl%2FpDKdArQUVrDfOAlPjbl8ULf22f19iYWXh1ng5xgs%2B1Je3NgtYt%2BfG5qtM%2B%2FbMQ8wqhOd7543apLi8d7h6g46CRAAaJJeWny6LQ6BIv62WQ%2FfNRC1pw%2Bosa5IZBFqJO9rZ0%2B8TLd6N9%2BKy%2Fm0d%2BgYWHtEf61Jo5CNclKwvLyA%2Fys%2F%2FHPPajLCCZSUsV2g7hL7VL8lh8dwu3A%2BcS82ViQ2iSk22lNGjrSug90NhdeVvUMLrPtbjbKvQSBZgHVA8QnCMIwiTlU7sZg5Vjv5bnt3ctotlIA3DKk6v2w9jBqMGR4TTsgYaQnPiMCiZd5oh4fCe7rKKeD0W65JeGoAmUggRDzU6b31P3lz48W8Y%2BQRKMz%2Buy5Jxnm2XyndG96W%2FOqHwuZifaLnPnhVpIX8BRF%2BorR7LIZaDYEdLuJh13gFOuABI1CabyweWyAxxKCgCrgNWKfogdfqHstZL2EqJG4%2FiHYY%2B26IfnUfxZtPKGfni2MQSKAnut5XWDamONns3kvNpuDSZE1wmvoLsC45WaY94D4ccddwgQDuZ8M20HCvlKixGJmrDYOUAOdlYq4iiwYzb8%2Fse3AeLMKIGYhkf1dC4%2FhyjZqp0VoaKZHilHbuauHUigNM5KA&nvMid=8602757688&catId=50002047,https://shopping-phinf.pstatic.net/main_8602757/8602757688.20150616120545.jpg?type=f200
체온계7,마이크로라이프 MT-200,"16,680원",https://cr.shopping.naver.com/adcr.nhn?x=NMy33DIJbQS0mLFlIl1hmf%2F%2F%2Fw%3D%3Dsasm3h29JkCfJTA39waTHbQvnuixrpFso2Ldn7SYm3UIU4bMLRpcoICXKENrWaIYfvSGIylWUMWvoPp34h0iCCaK%2BzQNk7ThEyXV0vvcV%2FJlZmxjv1Do9lWaWJ85fr223RgELC6mGuHqxBB%2FrhBS0Ksv%2BjB2erv%2BZ%2Brrs5VHOiTQgGE7%2BZatKjf5hEf1XctkKEGdWgrlmqSU9szO3WlLyAD1JGb7nL%2BGyVSx4x7G5Nh3nuoK1ZGJCfmiBA2CZtkZV0hzLXIuOgow2YNG6IuMsT9IvHd%2BKoxjW2oqgu9h0bYUQhkkHXK4%2FmSRy5icYE%2F27bXo7f%2F4VXGzA%2FsAJ7tcFUsxvHievEsB%2BoQUKP%2B5YrXK1MEpYWf5CdHQt2pL5XlO88SQHqEz4C01A17gWwazDuXp%2Bx05qwxnVjLL7VDuIU01FiBdPxTSuvYOb67FAYBAG%2B2rZREi9T8hJHs71R5QZwCWjJ9K6n3WuG7bkSJ%2F%2BemNAmwL1WVDDkEMbBjgI3IBgdfg8j1WhxQXJjTLKcXnGOi5FhguWg5rndqJ5vln%2FA6A8%2BH3odImJPKfPj%2BijspJkV3OdHgSE8LoEjTx9zpNPbFaRsOtQUnaEEbxBoHxZXOc%3D&nvMid=5603727217&catId=50002047,https://shopping-phinf.pstatic.net/main_5603727/5603727217.20120211202829.jpg?type=f200
체온계8,해외브라운 체온계 IRT 6520,"56,600원",https://cr.shopping.naver.com/adcr.nhn?x=%2FtvbGRqqckkC35XmraT53%2F%2F%2F%2Fw%3D%3DskaCanRrCN8f2ZrHYlQqVvNYwMNCNZ9D3BOQ7ldFKFpWMcF9VIXnPix2HjJkNafzDOnkymIP6VQT4wmVkOWzch0BNu%2FUDOxznrxMF7A7hr1UH6XN2gEsQ4ILh1dS6MYSQYCYvwnN6Urkzm6BZl2oV7hzWbUP4hsfkDiMh%2FeiprrdhOluJ1tWQQiXRTgst1zfMcvlQ%2FxDx700zh0BZvFQIY3y9TJtdw1Uw%2FP7KUnhEbLSkSbQmNYF%2F3qeYL4lGzaOwUgd%2BWwvsnOZs6R2rZcY%2BKbSX0B0Vvz02beQF19xQ217iqT3nuK7b4gVANLziXTCxk5mF9YoeC3StxmFCwykusLgOMUzCqOMu4ndAlINT93Vku3WSRHv9uMeUv4%2FtCpyU1mFQ0dFDRVapOUCRDrti2MScpXOlDa3JYau2aFCB5kUmp2Uogc3T9jDoYVgtIZaN%2FZmP9IOAHmjYiC6eYrPNrt4uGWcPOf%2FVNu0ZuKQmF89m%2FuzaP39gEsdHKqwIrk2Pk4dmZ4duoJB00WVX0gGtOGniaJHxrt4%2FC9nsl%2BHVqMvyqPVvDdZGiudLa4pGx0bn%2B5SeoTQPE7EABvBBVJKQNsjXkd9uYoVzPE%2B3%2B9oay3ba2DSxKSIUyJbDx7iwGw04gqgOvq6z5EpEI5N2xav1Mg%3D%3D&nvMid=21306755106&catId=50002047,https://shopping-phinf.pstatic.net/main_2130675/21306755106.5.jpg?type=f200
체온계9,휴비딕 FS-300,"120,000원",https://cr.shopping.naver.com/adcr.nhn?x=2Of70mHRxpFyqKe%2Buv8zTP%2F%2F%2Fw%3D%3DsboBAHP4nGjxg3ynDq27Cv3e30ObNu2pXQdH6hnrVGecU4bMLRpcoICXKENrWaIYfoUGRjDan3fx9yoFKX5WT8KK%2BzQNk7ThEyXV0vvcV%2FJlZmxjv1Do9lWaWJ85fr223RgELC6mGuHqxBB%2FrhBS0Ksv%2BjB2erv%2BZ%2Brrs5VHOiTQgGE7%2BZatKjf5hEf1XctkKsEQdMZsjGldvfWi3jYNhRD1JGb7nL%2BGyVSx4x7G5Nh3nuoK1ZGJCfmiBA2CZtkZV0hzLXIuOgow2YNG6IuMsT9IvHd%2BKoxjW2oqgu9h0bYUQhkkHXK4%2FmSRy5icYE%2F27U5sxhN7DK7jFkhGxNTicW2j%2BMbFZG8eJ3n1II9uOC5i1MEpYWf5CdHQt2pL5XlO8XTNJEulDRMbzrGKMi2HnWy5zuEKCPDcN5kYZbg9KL%2FRFiBdPxTSuvYOb67FAYBAGJsmVAVdFyeW%2BjgZJp02LbCWjJ9K6n3WuG7bkSJ%2F%2BemMWhvQioXpmPSQYrdRkqkmjcvrRG1DNXRtaqy3wYn%2Bxdm2kw8WaVEwzt0Wv8IgN8ISFpCFneHYNLK75WwCcMBZIVoWd0jB03C5aYq3HUc1IKtSSLJQZncWk8e8Ttfjz6Fs%3D&nvMid=5635027368&catId=50002047,https://shopping-phinf.pstatic.net/main_5635027/5635027368.20191231185258.jpg?type=f200
체온계10,브라운 귀체온계 IRT6520 6030 전용 리필 필터 20개,"3,900원",https://cr.shopping.naver.com/adcr.nhn?x=8DGmqHDHIcSQy11WvGhfRv%2F%2F%2Fw%3D%3DsDSfuKRBZAQAamGEIVc3RZq91%2FUwKpz15IUmB%2BIjhgMMU4bMLRpcoICXKENrWaIYfFKMhJvwkeLuQmhdZij93MTw3XNQB3xUkYybvwsqbIByWv0JbSZY74b4SAnv4uBRcihrqNeVTv2nJH61ue%2FHkecVIhUTYq2J1wF4XcKD2AOWkOA3ZateG%2FY8eKxwX1E0N2gBWQW5uaKtjK9PCwnn2huKpPee4rtviBUA0vOJdMLGTmYX1ih4LdK3GYULDKS6wuA4xTMKo4y7id0CUg1P3dZnoKfYRA2xX3M39ynQOsLHMC%2FPrMvwmsayJAwBM0ft4j6O9uhP69lZbFbknctEyLN%2BQFqkgQeBglCgqvjmJmobjTjAXT%2FnRgubo7C1dUBBSTokQbIICRKsSEubvmEiahgxkuQFQlIGiGqyGdnBIqPp%2BZMrTDw3UBSFjjw%2BdJAn6pLdozTo7J1pQKYqoHpX%2FwN9KCXV1H5yagnDrUd4cTfB5kk0uk57w2RsQ26vDjuOZK9GzWkBDkt5yTuBvWyZX9c5jAL6EyyuiTBmuOyQEPE4Ndb6BAZyTm1UHRxn3bab4cRjrbbywGEPdMkFkjz%2BNDFdznR4EhPC6BI08fc6TT2xWkbDrUFJ2hBG8QaB8WVzn&nvMid=80382499371&catId=50002047,https://shopping-phinf.pstatic.net/main_8038249/80382499371.jpg?type=f200
체온계11,[총알배송 당일출고] 휴비딕 비접촉 비접촉식 체온계 HFS-1000 900 FS-300,"177,000원",https://cr.shopping.naver.com/adcr.nhn?x=E%2BsFCaXv23d6Bu%2BYdYs7Lf%2F%2F%2Fw%3D%3DsBlos2mGGDslKyyzdRVYbiG7wGo4YuQ6tfPlbWq5SHGqMcF9VIXnPix2HjJkNafzDjSUeFKSNsmVCGG%2BRsFMdzkBNu%2FUDOxznrxMF7A7hr1UH6XN2gEsQ4ILh1dS6MYSQYCYvwnN6Urkzm6BZl2oV7mh9VwmppBVKMR%2B%2FuFB%2BNkln0E%2B7lsL8Xc%2FJzL4VwihdzrLOEXOhLGIj6nIvXGSOuoS38uqtTDQd5XzjRU%2B5Wc0OQHNchVjiU8MI8N4jpoV1P2tfKoQ0NQPyiad34AQ6K37uWyaX%2Bph4UV%2BhpzxYpAEcnVDPOInMNzgAAoPGbvJJB%2FhAluPT%2BAAmmhOpVa6O9x22h8C10gsQLOShOOTy224pk6j%2BUZFQd0FbYwMe0zaPjQMyxXkj4thIOsgadO3OjBUYe7J%2BN9L8I48BE4dwiidPep432fP1Uvs6sebNzguAvm1OOhR0LOmtBFNKSgmeoCWBizfa1kOHxZ3jLhuffV57v4KZ0nW46DHMydUkepBQmBLkKxp88iWaQE0qAZ6MdI2V1VS9CERrAG%2FSIzU8hpaco9kmtK%2Bagz2cKSUraWp97zUfJp0lYnBDKdMwVOlr2jmiO8HIhMnHkf8w7%2Fx9WGDBr4oBEi4t0ggm5i5Un99bOhyWUIIyPFUpWztUfPMydg1QmAmnoJRdq4K9btjkCM0%3D&nvMid=82393958119&catId=50002047,https://shopping-phinf.pstatic.net/main_8239395/82393958119.5.jpg?type=f200
체온계12,"해외샤오미 FANMI 비접촉식,귀체온계 듀얼 스마트 적외선","28,250원",https://cr.shopping.naver.com/adcr.nhn?x=lne3S0iw6ju2Td9fIi65ef%2F%2F%2Fw%3D%3Dsi9ORfs0wB12WFbGA58DuyRBovk3Sc%2Fx5uzexaVYfGNoWXh1ng5xgs%2B1Je3NgtYt%2BQil1veQmkam9ZAVyX%2Bmgj5dEz0Y%2FAJiEmkQ3%2FJcqP7rxfLPXuDCvGVSi9%2BbONSiUKcqTRW1PeKEwvCULnwyq%2Bo41FVW4KFopfFaQ9bivvWhqzBXWPbtXf%2Bl9pVE572w%2B4w6Fzdux5o40pTiWbJEIkdkfSiBlfcntkRLaYVy5xZqEt%2FLqrUw0HeV840VPuVnNDkBzXIVY4lPDCPDeI6aFdT9rXyqENDUD8omnd%2BAEOit%2B7lsml%2FqYeFFfoac8WKQBQARk9BxqyVPiN4GAFYRnmY%2BjvboT%2BvZWWxW5J3LRMizTceDM1vVUdO5Zyjxp%2Bk1tkPZqKQKZBqEpgZcU5VuRa8dtoE1J51cKDdvi%2FWCKxU%2F6BKEeiNiKhPospKTAMwEqaNoPiKJT4jaGh8KzcObu4EZbUppQxbm1vtNFjsaYf9dXG8Vc6BN7FATyDML8%2Fv3ZvG5aKT8XPV3ReaZOqLl10QfTrSCMPqvn7IlvekC72JC1xfGBfMyhCUy8hzcHtz8Wd5Iq3uhiUSY9HIwfPTn2t88e4D2yPU13hO0E6WW9DGLke%2FVP%2BgM94BPZkP5YJ%2Bex&nvMid=22129194657&catId=50002047,https://shopping-phinf.pstatic.net/main_2212919/22129194657.jpg?type=f200
체온계13,BRAUN 브라운 체온계 IRT-6510,"97,790원",https://cr.shopping.naver.com/adcr.nhn?x=JoCBp%2B2ShVJ2%2BF6jFvymLP%2F%2F%2Fw%3D%3DsSIGSHS2tKVlJ4d2Kv22qIN%2F1PovMrwrZOhSEEXvzjTOMcF9VIXnPix2HjJkNafzDURib2kjYPRjxUK4nW4%2Bvo0BNu%2FUDOxznrxMF7A7hr1UH6XN2gEsQ4ILh1dS6MYSQYCYvwnN6Urkzm6BZl2oV7v4Oit9u1fKdKpCYRa%2FBbruxWvZfe2todmJfmpbNrXnqnYaNkw8TPomHlFZODQTvag7MAxMAolUPGnOMIFYmIqEP5j8b8nMbbnPjgoKEcZ6uZfyToXGWFGb1EQurCDrFU3D9ecsZsM79ga7AG8plqh%2B54J8UO7LDGXdPU9Do8oyM9S1aqSNlH%2FX6ApQ3E5%2FiigCivaobN%2Fir5vDbwcY3ehkt4gNMi0zTCBLGiLVIkqm%2FHbaHwLXSCxAs5KE45PLbbtOBF0GXmC4wWrIunR%2FrevOZzZyDfGo1SQoYRvXGDzWdjZUeE2EKN3%2BsyUjgQwSSKooNqphi4FoIPcPf9wUw4YCfnZMV8CG8yDvoBH8Qp6gSsMhwEZSD0Q%2FKRc9oPEesBaZyBuh5yRbRXC1HClw6aooFwB5WqtWqIF90PBGhc4aY1O4d2%2Fz4cIiHJX6nwvSnsOUHSiJYJ5H483qau0%2FnvMrNjqh%2FZemCCOboDhnweAmG&nvMid=14410687744&catId=50002047,https://shopping-phinf.pstatic.net/main_1441068/14410687744.20190228095106.jpg?type=f200
체온계14,육아 필수품 국내제조 적외선 체온계 BC-03 붐케어,"99,000원",https://cr.shopping.naver.com/adcr.nhn?x=QaqCUsnXrZ1Eplvz5iUpe%2F%2F%2F%2Fw%3D%3DszjJsrlbkg5iKsbhm7MRABex6iICy7mCDFrk2XCgGMLUWXh1ng5xgs%2B1Je3NgtYt%2BfKJIQc%2BDPJZyXqPkqgA4mpdEz0Y%2FAJiEmkQ3%2FJcqP7rxfLPXuDCvGVSi9%2BbONSiU2lfDk0Xw1QSSfcK%2FS66QdkS%2BortKzfQDWBF5GV%2FKfqEhJv3ljJo79VVIpj6%2Fm3WOSCRkay%2F9ocp0b87HCMKkR9w%2Bw%2FRwANlnerFVJ5269x2KduvVj6gGfx1l989cHPXia%2BpHa6ewb0%2FDpcGez9%2B2MpBniJxYySavWBoCyvQmZ%2B9yq6iAQjMKcYyehT5PjAEZGzCJDdfAnwY6NcX70UURRVS%2B4CD0fuPFna%2BEbH73cbMXT7gSEyaZdjW6I8cFjVr%2Bsvq%2BRA139n5Tgmc3bxW5DGrpLj0tYLPjicHzqrqw4CWdcKj7J74R4UNK6XXRAxedeUJE13BlzgVGrwXY3xJKfjzX4PIcZYv6tD%2FPSR1B%2FjBbPVxRGPwyoZE%2FQloCVhDx8SIVJgIkFQvQzo2HUrO9%2BUzT4PZq3Z5GEUnGqt4tXLHTs0gT5CmMsoCZ2SL0BzuULZfVF1iyUIu49CpPjPtznMrGsK9LE80a4N0luAfpF8yCqA6%2BrrPkSkQjk3bFq%2FUy&nvMid=12260939656&catId=50002047,https://shopping-phinf.pstatic.net/main_1226093/12260939656.8.jpg?type=f200
체온계15,[오늘출발]국산비접촉 체온계 비접촉식 체온계 국내 당일 비대면체온계 이마체온계 무료배송,"112,000원",https://cr.shopping.naver.com/adcr.nhn?x=nuNCDmsc7krE1ia11it1eP%2F%2F%2Fw%3D%3Ds7wU%2BW3AnDWnLfsID1suqhaQ7Su3ngOFpjCiW9VQPMv0WXh1ng5xgs%2B1Je3NgtYt%2BFcgiDKXHM0bkG9ijTGNaR5dEz0Y%2FAJiEmkQ3%2FJcqP7rxfLPXuDCvGVSi9%2BbONSiU2lfDk0Xw1QSSfcK%2FS66QdkS%2BortKzfQDWBF5GV%2FKfqEhJv3ljJo79VVIpj6%2Fm3WOqGZi6CWS8lj3eCqT3cgPXNw%2Bw%2FRwANlnerFVJ5269x2KduvVj6gGfx1l989cHPXia%2BpHa6ewb0%2FDpcGez9%2B2MiC5r2OAIOQ1WlVKxQ%2FroNTXjsxjOTF2uHOES%2Fo1Mwpft43Jznk7%2FgbTQLyVFZJX0n6SZs26LheVXaz7XHHvpXOYlT1WYhionH6FEJ%2FetECNBHbmLQKsNwmCSXmhj5YDfDcQ9n5wQ2XjZXLX3iWbkIm686hdHbaGhJaaVt3OlLbFSjlRTPu5mEZu8MxkbtNDpcJvv%2FK9%2Bq1CVmTsmNlDV0bw0N%2FPSmfWRKNW3u2X1Bwuqv%2BGrAy6k4G96DwsFYZ6qiqxD01XfWbPKZqU6eqKStyAqmKvqKonnePkU8HLouB1zG2qTgAZxiSTiHcbgDkMfkDDmLmWXDyK5xfJJf1PTumV78%2FGax8EAVllxZF3GoTtyhMYD8Y3hbLoUSztKI5Zbt5BivcwecUrXeOfxandC%2Bo6HJZQgjI8VSlbO1R88zJ2DVCYCaeglF2rgr1u2OQIzQ%3D%3D&nvMid=82416519207&catId=50002047,https://shopping-phinf.pstatic.net/main_8241651/82416519207.7.jpg?type=f200
체온계16,국내브랜드 적외선 듀얼 비접촉 체온계(지능형 발열 알람 4가지 컬러 화면),"117,000원",https://cr.shopping.naver.com/adcr.nhn?x=2z%2Fx%2BFiu6HnZRk483Is91v%2F%2F%2Fw%3D%3Ds9sNIC2weLXaY8wrOKheX20fURYpdhSVtRNC6lJUNbF8WXh1ng5xgs%2B1Je3NgtYt%2BTIK%2BpnViAWyBpj1WQRsWaZdEz0Y%2FAJiEmkQ3%2FJcqP7rxfLPXuDCvGVSi9%2BbONSiUeNeg3OPGAs9lzNgjekiU8xIJzWpYvHKogdsf3vXoPopXZMy4SZwNd3We4fpqGsXKhJIHDdCt8fmR%2F99M61PRWO4DBfMeECoQ5zAln9dueBr7JROMe7BIqG04ox9EUpnJ2Qx5YoBIKf7XWcjCxrp%2FcHF3WChqdOUa42k63i%2FbqietnsR2E%2BSMCmd8HSC%2Bynbej6O9uhP69lZbFbknctEyLPVG4%2FV0HkvXCmJzwvCwicRmg0JHHvAISBiFCfJUEsi1fmFiDFmBRPDyM0crqqJiRA4r44RmmZLfZnfKUQshdhAXycVi%2B8YVKI9NiQuubenTa2%2Ba7mTAH%2BQvN7zPfvcS96XfYo5ME6DiVyQ1xYeX9r0qg5vKqMsga5vya1baNkTQQcjnKxgJeJOPJQbNvtxivFKIkATvQ0cu5ytoZX%2FLAP4a6e4HWTuSpr%2F6Svp9cg7ptcXxgXzMoQlMvIc3B7c%2FFu%2BTeI7TYRtfDMvTUILkAzID%2B4OLJEYWJE9mf%2BnaNVzPV3OdHgSE8LoEjTx9zpNPbFaRsOtQUnaEEbxBoHxZXOc%3D&nvMid=23027559969&catId=50002047,https://shopping-phinf.pstatic.net/main_2302755/23027559969.jpg?type=f200
체온계17,[당일발송 최다판매중] 국산 식약처인증 비접촉 체온계 이지템 CK2020B DT060,"98,700원",https://cr.shopping.naver.com/adcr.nhn?x=MYGuApf2pQ9DaH%2Fbe%2F2BBv%2F%2F%2Fw%3D%3DsUXHQ0Mad%2FH2wW4zYRbG6QqeTma9K1YKb4yotBWcHWKMWXh1ng5xgs%2B1Je3NgtYt%2BxgyRHF%2FpEMOYlz1USip0PJdEz0Y%2FAJiEmkQ3%2FJcqP7rxfLPXuDCvGVSi9%2BbONSiU2lfDk0Xw1QSSfcK%2FS66QdkS%2BortKzfQDWBF5GV%2FKfqEhJv3ljJo79VVIpj6%2Fm3WO9Lz6f%2FfSNHviliD3ZMME1tw%2Bw%2FRwANlnerFVJ5269x2KduvVj6gGfx1l989cHPXia%2BpHa6ewb0%2FDpcGez9%2B2MiC5r2OAIOQ1WlVKxQ%2FroNSik%2FgpMxXr7QvZd8MvHks9vbzkuvFMwHsQUQgrZrTgyNl8p3Rvelvzqh8LmYn2i5w9mCfchDSAZiMlyZLS14y80kCQVIPtjLNYzJf2nyG7lKTv02J9RenNaNTZSWi98oxcyRaPFwDteknZt1RuxL%2BKo0xSNqVMd2M8JCzoaBpDzYLBvWzUezfxaTaxMZAhBRqPIS2MNh%2BQvDzkoONFrMJvlJW4AEvtrFNrmZ3PjJN1KKG3jCBSewX%2F9a1PhtF1NEaPtZfFbj1RjOGTeHu0hHwK8S6x0O1qfQ55zm6aGqZx%2BGOck3cepOi97HCP6tGOjJ8C70SjNWgi9ILkDnq8SNvdic4%2BuSIRFDnkhpr%2FeGQWTg4SwcLvxUEucVmH%2BcOht40%3D&nvMid=82427795469&catId=50002047,https://shopping-phinf.pstatic.net/main_8242779/82427795469.7.jpg?type=f200
체온계18,해외[17차 공구] 7일이내 수령 브라운 체온계 BRAUN 귀 디지털 IRT6520 필터 20개 보관케이스 포함,"75,000원",https://cr.shopping.naver.com/adcr.nhn?x=TZPJmaHghk3sjpM7PP7kjf%2F%2F%2Fw%3D%3Ds72z5TbuunozolKwllV%2FHi%2Fm6sPMix7fbz0l3BzhKtJYWXh1ng5xgs%2B1Je3NgtYt%2BR4qEeTuhWrLCovCFQontoJdEz0Y%2FAJiEmkQ3%2FJcqP7rxfLPXuDCvGVSi9%2BbONSiU2lfDk0Xw1QSSfcK%2FS66QdkS%2BortKzfQDWBF5GV%2FKfqEhJv3ljJo79VVIpj6%2Fm3WOXKY6d%2Bm6PP1aQENZtzAivdw%2Bw%2FRwANlnerFVJ5269x2KduvVj6gGfx1l989cHPXia%2BpHa6ewb0%2FDpcGez9%2B2MpBniJxYySavWBoCyvQmZ%2B%2FctV9pcIV84BlocNbvsLtLJHEgxpHTAqQbBhMlLlejg36SZs26LheVXaz7XHHvpXOnDhkbsX%2BvzwVsX8BAxqAOYCn1KwFUrVJZoIS316NgSOztMfu2hpNY7sgKhZfnj01ZZmfMu5W06T6strvriUlr5KEO3F1ZXBsTfJx9hYoyy1m5cb%2FbvJggewdImidikoSFlxXq59oPkIQdwWfNVRxkMzvy0AN9gVhfYh3ideaNlpMDvMH%2Ft%2Fi8Fux1%2BxV10MXG21tCQg%2FP%2FTQbWpYjKWsTjxSnbYrRlEddbdC7rzGJOi98I2J6c2UgmjIy4S1jtd9x1TaLEqPeKZSrCKOWWOz1R%2Fhy2QOwGVeYyndmoDT%2F3ykKTDbTmvjSHn8KR7k3RyDLVWGr8fvvH1mWvUgXPK6j&nvMid=82382488488&catId=50002047,https://shopping-phinf.pstatic.net/main_8238248/82382488488.jpg?type=f200
체온계19,국내브랜드 적외선 듀얼 비접촉 체온계 (식약처 인증제품) 접촉 비접촉,"104,000원",https://cr.shopping.naver.com/adcr.nhn?x=SBiIyUn4HybhY1lS%2BZMcDP%2F%2F%2Fw%3D%3DsyU6khtQy2sdsuAVsexYaGH5nbmfJCoQfpCcM8CDOf3GMcF9VIXnPix2HjJkNafzDZOrH0564vs2DQZzr0z9250BNu%2FUDOxznrxMF7A7hr1UH6XN2gEsQ4ILh1dS6MYSQKNAx%2BCdxWhoGYMPHFkJnklhxHVbcLiWONnnDFtpzrvXlKBDYQ%2B1NuTfFFH%2BpGF5vTlvaCsP1S1LZAdCDnSeu3tIcy1yLjoKMNmDRuiLjLE%2FSLx3fiqMY1tqKoLvYdG2FEIZJB1yuP5kkcuYnGBP9u8UKFdOZ2vSreNRB4f4sNAycmNb6f%2BukI9wprPGFEIZdmYghm6kwI6vxSLbhDGi%2FMTz9mclQNW1smxxl3p%2FaWsmoLlGN3tyccMCM%2FNwEHGZtpOL8IWGPsr9sH4CCsE32u71FsXyOaB7zU5fop7%2FlkcezJ4umCbXJP4ZTfcwtwTWBdtjYpoCOnrkRWXVY3IyW22CWRsH%2BrvsXyTWh7y1d2Mlg6oM6Goov04IyZSI4XKCgg9NHZHjAC7WEKnVGlZTi32RkyD5thReme9gjn629pr%2Fa7ktDaWB%2FuS6927sc0EPvOdXHKnZ%2B6zFMjCyIeXTR0eTov9FSZOi8JN0OC7pMd5lI4NW8xG7Z9WYQt7Cbosuf5Hv1T%2FoDPeAT2ZD%2BWCfnsQ%3D%3D&nvMid=22955774646&catId=50002047,https://shopping-phinf.pstatic.net/main_2295577/22955774646.jpg?type=f200
체온계20,폴리그린 비접촉체온계 Ki-8280 식약처허가제품 조인메디칼,"120,000원",https://cr.shopping.naver.com/adcr.nhn?x=ovn7p0T%2Fg2LawY%2BV4%2BsCqP%2F%2F%2Fw%3D%3DsP7u8FPhMQ7ov3nLQvqUkv92w7ctkkN5PJmU0Cx1kOxEU4bMLRpcoICXKENrWaIYfo0hsPobXfWu1wJ5IO8l0N6K%2BzQNk7ThEyXV0vvcV%2FJlZmxjv1Do9lWaWJ85fr2235ojPZQGvdTt25yMyq8u3K7uVw3GdaDAvxDSjC3cnt2Z%2F22ms%2BW8TiQQNz%2FOHMMFF8n0fWDqVZa9a1J7vAJ3uR%2BKpPee4rtviBUA0vOJdMLGTmYX1ih4LdK3GYULDKS6wuA4xTMKo4y7id0CUg1P3dayteVK1gYut7D3WVzINavI7%2Fk2P4%2BCR91PMAlQZNiUgGiSSg61uBBO18De3%2FPaXXIPi%2B65obEuD4f%2FKRy6XTB12kEqfRG1fL0KxF3H4Y1PQKOCjzLM0CYcsZxnc6lRejfu1zd7OVrbmv2qNaxOJvRuSN580h%2FxifihCD6fwPDzxj5N6rl7OHC9rQK0ksPpBHIsrsR9PfrVL3JhBMGldntOlavEtCesGtVjo3dk2UzmiE1R0CPJn7clJ7yD0sJs1EsA4BwqDY9jjuU%2B7YqSYBAwHSWR5pLJFeXV71WOAwU9A7xMcAy7rfc%2F7Vp7j8921bfcVdew5CeGWBH78is54lgJWhZ3SMHTcLlpircdRzUgq1JIslBmdxaTx7xO1%2BPPoWw%3D%3D&nvMid=8699612596&catId=50002047,https://shopping-phinf.pstatic.net/main_8699612/8699612596.10.jpg?type=f200
체온계21,[정식허가제품] 인트인 비접촉 체온계 YT-1,"132,000원",https://cr.shopping.naver.com/adcr.nhn?x=e7zb0BTf%2FN4TiCxWafNkQv%2F%2F%2Fw%3D%3DsWmp%2BqchEBzigwE15l7sf3m7kRGXmJqcmni9QntYTOlMU4bMLRpcoICXKENrWaIYf%2FGIMevgSAmZiiTiST%2BqQYzw3XNQB3xUkYybvwsqbIByWv0JbSZY74b4SAnv4uBRcihrqNeVTv2nJH61ue%2FHkecVIhUTYq2J1wF4XcKD2AOWkOA3ZateG%2FY8eKxwX1E0Nijb94TIPXKoQIF7gmQpJmeKpPee4rtviBUA0vOJdMLGTmYX1ih4LdK3GYULDKS6wuA4xTMKo4y7id0CUg1P3da9054KxCNGlDMsRJUCWQZnEO3bp54RE4XctC75tvM2Jj6O9uhP69lZbFbknctEyLOMEAtLFZO%2BKT3ZQI%2B000cpHO7%2BMvo8o92vkQtZgKknwpeIBVHtwzKpgGvZpXRu9wGAmAqPqjn4zjpmZfaZYWkjM%2Bihg0kmGYae61TD995M9VWSV8Ly0ErAtVtQ4HQJ4WMbbW0JCD8%2F9NBtaliMpaxMFOCIGdF%2F4Cxx7ZY4ZdytqvOuM12S5naGsSg0BBRCRSC%2FquaLVPkhoXj72%2FbQgjkSqRQ9AFv0rMILEE1%2B9ciSg3gxKK7mISlJpkiTWasO1O2hopkeKUdu5q4dSKA0zkoA%3D&nvMid=82458665412&catId=50002047,https://shopping-phinf.pstatic.net/main_8245866/82458665412.2.jpg?type=f200
체온계22,정품 브라운체온계 IRT-6520+필터21개 포함(A/S가능),"99,500원",,https://shopping-phinf.pstatic.net//20200618_1/bf53d8d2-f7f7-4e30-96b1-a5dd42339b76.jpg?type=ofullfill_200_200
체온계23,마이크로라이프 디지털 체온계 MT-200 10초 MT-1681 직장 겨드랑이 구강 MT200,"20,400원",https://cr.shopping.naver.com/adcr.nhn?x=aGM9DcP2n0zVQs14MjzdVf%2F%2F%2Fw%3D%3DsDxj1pTakyOseAjMxmBH2mbxwsuFn65KygBWje07%2BCFuZvzyqq7PC78FEiD9RzsyuO1yj6nbgrSNVy3C7pfpZrOzpIYd44ZEnPVqex1pOaLaVX9L1LHZZe4Us6w4P3D2fJ5VOec1YFKIg02tBcz%2BJtrzg5LotibZWs96FaOW7%2BneOP0oYFbr1kQPfR4PYNcaQ0W8Lg%2BA9nrcPW8AwUuNoOe4DBfMeECoQ5zAln9dueBr7JROMe7BIqG04ox9EUpnJ2Qx5YoBIKf7XWcjCxrp%2FcPXKe5cyleHq4hiWB%2Bj82%2BSzMxM4UFY2R82X3UJcRl62MqPCpmTPptdyUMrPRL4Tj4WkannktNoykJZE9JHyUHFKTpA%2Bs7Tw9eV%2BnwCkSuzR7RcJcj0uCpaYBa5ud5SipAebdyojZANHXOAPDnHfrguaBUqhErhwaL7U38SXXo3oCZqPXRoBzcBThmUZH31hYSbeyQZPy8vrAioSR0hPWyRYlMMq7M8oyl8NmewZe00cJLE6Ws147xaAVClIwLJ3a7OxdEgOXdvD96xHaTYhfWpx6iEJRA4AZ6lRFHGLCTShiqG2UfoKrYj8C90Dd%2BltYYfzAn7EWBF1ahttT2AwUMEJRc9Slu4TCiqLnP3Zelp35Hv1T%2FoDPeAT2ZD%2BWCfnsQ%3D%3D&nvMid=8605810826&catId=50002047,https://shopping-phinf.pstatic.net/main_8605810/8605810826.2.jpg?type=f200
체온계24,브라운 체온계 IRT-6520 접촉식 귀 체온계 독일브랜드,"54,500원",,https://shopping-phinf.pstatic.net//20200310_12/48a47d0c-7dce-4d27-875c-4b3ce42a9f81.jpg?type=ofullfill_200_200
체온계25,식약처허가 비접촉식 체온계 AET-R1B1,"77,900원",https://adcr.naver.com/adcr?x=+pBg7PJ8mxcVXqL3H8uIXf///w==k6eZV5E2eYS7utQb2/GQq8wuUbaS3fBE76ENtQAgl6T9AsZmX236f0FyRjMJAOcpU/1QB1OK89QAXu/EQtVEYLfOZrgne8eFtfY6Gh+XEpKDfsBn5RXIzBh6lHJDEIXa61RRzaL4RH+cET2XItO0Yk/d++rSl5wKcDbM1zxUCDxCdqRO+0qS41j156e40kp8Pw/2eimjzdXLlPMfa1X4YEa40OdjCWKcz+PkSgcb+Yi0jtd/k4jlgzPzVLD4BPFa/QhGCYwF6OI2Yq/JEvVSs3s2ZULvdets4H/o9GKkO8W8cdt7s29GUjTAZ4vDURZ2XsrB/nUfCBrnG+E3uGD2OAx/7LvbUmrB6z+shv46e0eOU9tuXOmLWPs4NXXk9NHBQnoDne+YzS1N25Kq3DXRwD0QTAui9KLRqO9MgSaeCFjmjWrzSkAMudCj1NbeMK6JMzDmA48m6VdD0tAwKnexMjonFkjNHYr7n0jYIra/jrTSmbSFU4Q/7NiQwqr49xEEopzhNSxC8MPe6Z8hmIjqRwytfuk4ieaeA6yUaz/wv3fEqXUPyPjhsJMwctLTQA8MtDlPv/2qzbO+Ow3T3Hu6klT5ZYAuF9PAUed8I6uV4K3D/ZKPPe6x7sOXAdnjNwRTocqGUG5A1uU0av0q9znHvu4rjNOkLrZGj+VsC811rA6c=,https://search.pstatic.net/common/?src=https%3A%2F%2Fsearchad-phinf.pstatic.net%2FMjAyMDA1MTlfNjgg%2FMDAxNTg5ODcxNDA2ODY3._0p0xqA24kxE_fHK_KuYKRC_z92UFvRMNQUA4JneNhEg.rEgbDGH8Z_2rD0PaVmaBQymP6fWflsTejhIa7gDPc2Qg.JPEG%2F811433-f58c14b3-271b-4a9f-8ea1-12467f798e66.jpg&type=w&size=200
체온계26,국산 비접촉식 적외선 체온계 온도계 국내인증,"96,000원",https://adcr.naver.com/adcr?x=Of3RgegdXi/otxMSXZbRIv///w==k1AlGSLMifTfNzCiZiq3e6/hBE9MSk8jCAkeL1kqCNMxXHgbpFcJgzfm81Ual9oXn7hJumMunuQ1SYknPsbZyVW97wcMHgwKTblzzouO58KrUwjP6gU7YHtcK7vCJ7pXwZkmkoFGkUl5vY7UqXd4YbdeXFqeopdA3KqumxC9FQ4vQWVWVHk0WO8iTmZbh4Jw3kp8pYEumqXq5iQEI/7sIHTFdr9DhlELq8jJHzKAU1XHPup7TvVLP9E/plwHyutn31MCQO8J9LouuIUTEoZ/FFpK+++7iFYPSDEzwkFVWCdZ726lxJ0sMycFtRMD69V1qIJDk6BijhWeqjYb5c/Op0JIVCle1MRk3oSVhNRgGpvs+ivtllokI2GCLDOPTIIDNiYACCnK5A4rwCjFTsQ0a3pexZ9hZK20X5XOjWXoW+pPADZFLCYVm3qd5TBBbdgyNijYWhCvU57WTvH1Bo3GKVIZS83ayUsOUSGji6jEPnHjkVfPhyLGtsX/TmgKsfrIHfWgx9vnHzWmiCB8GgufjCmXE+By8xIvt5hBh3rRxXAhHwBSrnqhj0Q5FWGXLg1brMMBchcH3uR8/fEEsbbW9iRSl2MvhOkvh0/bAXTxhHeDVAHr3eHt6VU0DVtcZLISMNHetGNBmntjrbBWx43DlDtIn5iC4ogCQE6a7Zk+v/1+gFFAFTKF0gI/ZbrB4uZg+KiSNRChsLULWpup0tA3tAk3Z3zMO+LNqBae9mkn+3uY=,https://search.pstatic.net/common/?src=https%3A%2F%2Fsearchad-phinf.pstatic.net%2FMjAyMDA2MTdfODEg%2FMDAxNTkyMzY0MDU4MzU5.5mhBycBWe1fAjJWAxvM-bVrds7ef8PuPeTVRlCGIbzEg.u5963Rvt1IwVkvTSftC1U3_3YNPa4MhqfzglDUap9Kog.JPEG%2F1691952-7d3bc051-b663-444f-8c20-39399d275399.jpg&type=w&size=200
체온계27,붐케어 비접촉 아기 체온계,"99,000원",https://adcr.naver.com/adcr?x=n+8X9QHDih2s1bi+ZVC3b////w==kgzXKudIcciq2aJwOdFCe58Ozjk4wgG4EBhfcYaReldGXufOISd9sUuVtiAanEycH0Y2qIzUN3XksOA3D5KtpQIzV0vSVhvXeIjiLq+yBtrwtBxZxEgxHsvj6wZ6bAXKPT2S+rctH1c57pBaBJVKfZkBanMYMprwGQk98Xu8+o+W95eViC+8UDxkneiuuAfZjA1BOqcRrwRlV+a692g4JbguceC+QAGgVeee1p0+EUb5ro4AoeiXDhSiDocUUXVshh93dxaps+Viwq/eWh14/hC/8Z/M8d2UVHIYsnMoG6WAFVQxqYpfRZq8ryRoGxWeFPRxgJo2oCOcYErPApJ1xL/s3hYDo1ptcHEQPEj+b2tBQyEV5qWMutlrH+mM5UUujJ7O1RV3UQMFef9EfrMvZYP3phwQBmmjxkgELTwfTOaK1Xerk39fg8YF+utyeplm/Gi12v2Jo0BX2lls6OE17fbJ5638+/A7cn7J+1OsDsw7uLd3v7joQQPQogJMWkNMglKeeg+qGCTS2D9INWv5KGj5dp9RfjzsxVUOSW+FqFl7eJ+pRJs4cp5NTErCHaBLw/ttQIXdEB5yvNvJGqVG1X1qMhR6Y46V92RGrxWN1WTz74wfceJ6ALeeXzfKQ1cM1i7Xc+VpCObdFcjfuhsQ8ctJF2KcT7/GlDS/pw144oZJVr36niLwgf5cy9F+PWUmIButX89zawOr8PZ2tTEIzAVBXqhqz/iB6Y74zt/s5Ci0+92m5aT+eupIyhpoOI5aj,https://shopping-phinf.pstatic.net/main_1253906/12539063983.3.jpg?type=f200
체온계28,비접촉 비접촉식 체온계 적외선 온도측정기 비대면 온도계 JMH203k 국내산 국내생산,"89,000원",https://adcr.naver.com/adcr?x=6PQ6wYtIRLbyv5gHLkE3nv///w==knGmC9zkBd1KwQZNyAZYiIYb6VPQ0SLoYiSRdaOy/Zygfxfk3h+YJCY7qshnx9qz6dwlNTQXgp1DFCsmeeGQFVsaPBn7nWUCcRjqouGfBGbQtTZhhV9vrU3PAylrx3iF1d0AG3JHOJEbUmmVhRyxrFAZkkeSMKdYxMgll24OeqOyXHac4RQIrhaA18o3Ysyqp0LKXao91MzBZldyD9wt2tsMwq7XzkhD010KOZ5+hukJWYSUHNDUFiB7qywJTWFvhBAOj9K+1z69q3QGLB7i24BJyn4mkkFbY7mEbNG0x43D1Xf0/t2pxNOmwmxLLRK8j6tnLeVHwMLWpoblCMQYWI+QfiEJiw6Us4S/tzzK1YnpIE/mjDUrbLRW9Dy//guCRzDr0eachn7mcRoXL/vBmdAFagLyeegRCub/B9vJaTm5pYIUMHw1mb3m12S0Kvy1p8furauyub4hRGq8HMKM9WZbRxiCXkIU5Zka9dvhdio6ZSdSkX3Au7cKJ8DGJE8X8lMybluuCqs2U/ff2yY0/zdrGFoqJajs1b+/AUMUzbIvmJMCRW8NRrolrpMrRjpdkCbnAcT2rETWe7X9u8jmJ9zGWXgz3AVj9Jc0dIVFy2llULlwVjj30QzGox5ovVgt6,https://shopping-phinf.pstatic.net/main_8247521/82475211716.jpg?type=f200
체온계29,해외비접촉 체온계 적외선 이마 체온계 kuncheng,"56,880원",https://cr.shopping.naver.com/adcr.nhn?x=IGRMK1KpR05uUFUKnBJTv%2F%2F%2F%2Fw%3D%3DsfBebJo0zhQFQZQ8MT%2B2Lplguayq3oD9nHOKi5Smr2ygU4bMLRpcoICXKENrWaIYfKJc5gtmwYNViVK0YTVU3zjw3XNQB3xUkYybvwsqbIByWv0JbSZY74b4SAnv4uBRcW9xon4zGU5I8Z31UW4eOSQgOTRQTQGShpeJTWgCv6VzT5MLaLCnmhiS1t8jLHFTwfqMNAXVcckP5ai39Znew3c74rCHlErDzejcH6poC3MCg2KCcAn8nwFLImAucQ%2BB3y%2F6MHZ6u%2F5n6uuzlUc6JND4BOJ3%2B977N5ldB6ychH8TrP6omyycNNc8S7af4wmBamICWxflGN1Sc8rcpQnuWMB22h8C10gsQLOShOOTy224rcvYVoGEA18NEO83zSTv9dk9lz01g81Ov6a%2BSuWtrB2tbzagAohfHecXQaUlMxBIYyLI4sbBFrdgieRDM1mH3hU1aTcHKyHChWJiMYiUCUVJtE5X16oZSQ%2BsFbS5vtDNNhE1zTSvNaQKkid75gUmiGYrQa%2BznZZBG9MX%2BnJvzFx6zNwyxowpFrlawiCBvo0RchscViin9KZU7oA7%2BZ8DDoUUrhA2ljxfLz5W01calYg4SwcLvxUEucVmH%2BcOht40%3D&nvMid=22331353033&catId=50002047,https://shopping-phinf.pstatic.net/main_2233135/22331353033.jpg?type=f200
체온계30,브라운 귀 체온계 전용 렌즈필터 20입 (IRT-6030 6510 6520) LF20 프로브커버 당일출고,"3,000원",https://cr.shopping.naver.com/adcr.nhn?x=rTMedmB8v2r3nFrg1Wyyxf%2F%2F%2Fw%3D%3DsCSSUPqNt14A%2FG%2BSme9VEHTdEz2wfdLiOREStYPVuxdKMcF9VIXnPix2HjJkNafzDFz0CcePo%2Fm5CdxuQ5paLokBNu%2FUDOxznrxMF7A7hr1UH6XN2gEsQ4ILh1dS6MYSQYCYvwnN6Urkzm6BZl2oV7mh9VwmppBVKMR%2B%2FuFB%2BNkln0E%2B7lsL8Xc%2FJzL4VwihdVYDaPUh6wHc8tTtHZBkxSoS38uqtTDQd5XzjRU%2B5Wc0OQHNchVjiU8MI8N4jpoV1P2tfKoQ0NQPyiad34AQ6K37uWyaX%2Bph4UV%2BhpzxYpAG2vRmzpF9AlMGGsHiEd%2FnMkZvjh9O48SXQfQXVDxWjuR22h8C10gsQLOShOOTy226pEfV0skgI3PKhcpe2WpdM5r1EW3%2FOx%2Bpn2lQsmK7kvotV2aUqEyGEN66pziXaksCEEaI1K63JCRvgVT9UB3VNTPKDgOrNfJ0%2Fc%2Fg8w16GlBWypihC6FXXP6Mhn%2BLyLTQlsdfXUH5G4iSPiP85ICZCQOHWT6x9EcIn15lQqAInO%2FawsYY6bTNk4uTjUCfhf8AbF2M0y58xFI4A5pCD5ykuZiEaKra2maeDyexAx2d8qFHiRa9Yh9S6hNqjtObhCtLI91g6Buraq%2BZD3%2FneHB1ioGPXp2grSUc5bI09yt%2BTxlaFndIwdNwuWmKtx1HNSCrUkiyUGZ3FpPHvE7X48%2Bhb&nvMid=81958942142&catId=50002047,https://shopping-phinf.pstatic.net/main_8195894/81958942142.2.jpg?type=f200
체온계31,해외브라운 체온계 모음전 IRT 6520/IRT 6030,"58,400원",https://cr.shopping.naver.com/adcr.nhn?x=zoMaLhGP0sC8sH%2FPu4j%2BwP%2F%2F%2Fw%3D%3DsoPJDWP6FJcJQyAqShGkIQYizLz0Cu%2FyqNB2xLS3RbgUU4bMLRpcoICXKENrWaIYfZ8G%2BaVS9HmTYdQ0aSNB2hTw3XNQB3xUkYybvwsqbIByWv0JbSZY74b4SAnv4uBRc99RyzvnB9PyBufjLrzprPcKgvAXX4H3xGFRm%2Fzr3o2sFsEHM1UL6tKiy9LEDVlJhBS6DXGlqXXvFOmw%2BEQ4qOfH4uPTVJ8WwcZc6U17HAIMXuHuZfjnh%2BZtCKaLMO%2BcFT8%2BEn2pOlNmviGQn5684E%2BXCuTyphDLRqZ8nysmnunmqpyIOCzLU4tG1jALQArIauuwftHtRymOrvWEGLE2ZuoBsJjzV%2F3vl5Lmd9HbkUGIDkMR6KJTazonlNSCwsCKa2u8M7IC3clQp9Ov6SA2jORokkoOtbgQTtfA3t%2Fz2l1yWjNk%2BbybAua5Ig5uGYw%2F8xJw7h%2BV%2BmW35mIc8%2FuMXMLf7f0r%2F9S0b7vfYW8JcrkIU6sNFDzFU14v4if%2Bu6hKJGPJd3Q8L%2Bv9%2F7CDvouLXAU6v%2BHiDg%2FgtRtCRuRFT8UUhVr5Lx0D7FPlCioE92REPRb38jozsX%2FMtdIZvemXn0jnVxyp2fusxTIwsiHl00dGdWa%2BNYIxH3ALoaavCqmkWjIfR7h%2FkLo%2BBv9XoPcDyY%2BR79U%2F6Az3gE9mQ%2Flgn57E%3D&nvMid=22521735907&catId=50002047,https://shopping-phinf.pstatic.net/main_2252173/22521735907.jpg?type=f200
체온계32,해외브라운 브라운 체온계  IRT 6520 /귀체온계/무료배송/재고보유,"55,340원",https://cr.shopping.naver.com/adcr.nhn?x=GIEkqIcNLidQdW%2B1%2FbuOxf%2F%2F%2Fw%3D%3DsOWBRwFcwLX%2FM56WxjU%2F7n54c%2ByLsBYBABznKWfneil8WXh1ng5xgs%2B1Je3NgtYt%2BTR2pPBeALQhU4O8lw3kI15dEz0Y%2FAJiEmkQ3%2FJcqP7rxfLPXuDCvGVSi9%2BbONSiUKcqTRW1PeKEwvCULnwyq%2Br%2Fgzjs3ZMj68ozxrVNKBpie7Oz%2FlOz%2BN2Dimowiv1fgM9u416N630yG6nxt8upC8iw4mhiEHTOYeSAzj%2Bcat2gPb0liOec2O%2BLSSSfXGd7J5%2FV3PgXAvIuUseM1FTYeTYmkZUV7e6xQrcRWujHHuG3vyHyiSI80iWuuDSf8Z2cmOphiORhKys8leUiTVunGCvXwn5uIITudPNS00d7FSZ6bkwoTayv4KkTJ%2BU%2FwB1mc73QK%2BcksCScMXlvtjuXozyL7%2FtYFJfSNb%2FnKsBPTqYeVAqalGfgb0SJL7p7P9863YCwPgCbgFFCSi0l8VW4MsesRhnaA8OhALsffomgzZfME%2FarLc52SJTB%2FbP84mP7kwvaj9UldKY0avrOu7jaSdUawQGpOL09qOONQJHWpiJG3Qzj1zbx7izg4TdDtwY9pYV2tc0IkGUzFvhxTblDhB9MPsUa07w5ExezY%2BSkNUpCBnC%2BDGEepRin8iM1nm61SCzlxzcG7B1AIm9Tx%2Fx2XQgGXrewzWaOkeTT0RTzN2FUmWmKsR97deDfDS5H0r0GOHRyPBWbUFRhWScTsgQynPg%3D%3D&nvMid=22520774320&catId=50002047,https://shopping-phinf.pstatic.net/main_2252077/22520774320.1.jpg?type=f200
체온계33,해외브라운 체온계 IRT-6520 접촉식 귀 체온계 독일브랜드,"54,500원",https://cr.shopping.naver.com/adcr.nhn?x=nebbelDiPjVrSHnF%2BW8yF%2F%2F%2F%2Fw%3D%3Ds3Wcn%2B%2FWA%2FfXL7vlb717mqvjOJPJ%2Fk04kJKPM8STXNyIU4bMLRpcoICXKENrWaIYfzyoN5i1bO9kM477MZt1rGjw3XNQB3xUkYybvwsqbIByWv0JbSZY74b4SAnv4uBRcW5wJGeBrG%2FWMAx7%2F7%2BceQwR3iztPBaOtzAq1VXsaiViUcjF1ir9OQYZ46%2BZYN%2F6cLkOrCROBtbIiKiKvBkXyH6huZbsNAE83l2bx4PlUEU1vcZcD31asjJtV7JXkLsjV%2Fg6K327V8p0qkJhFr8FuuwPIFrILse%2BTEW1F0q16LB7xMhWsUSsbCTU2L1et8f139s%2BHYxwy6M%2BF9xMmF0IQ5yL7%2FtYFJfSNb%2FnKsBPTqYeLyLosIUjUSUschRo8meW8pRlxxC4veHWtKJeo0JucHg0f5sD7zyeALdQE9WRSrjdilFucr7suTEMroziyVfKz07h4OH4gJPubiWbMvC%2BUVutAml5c2WuwAAYZ%2BS9hIOPzCC69iAm%2BRp1%2BxdKwJ9l8Qbljj2oDXsPxRZET8F1CErcB3u94JdabcdmIqXyySIB84eGA1ZjzFSwL1qY%2BcG1YzNHYKFZjvFaS5UgG008alnHKQ53bOHASvTON6CBI8g5oaKZHilHbuauHUigNM5KA&nvMid=22167752673&catId=50002047,https://shopping-phinf.pstatic.net/main_2216775/22167752673.1.jpg?type=f200
체온계34,HYS319 비접촉식 체온계 KC인증 P30 후속 모델,"26,910원",https://cr.shopping.naver.com/adcr.nhn?x=ZaTW3%2BH4xOJ%2Fy7G0NiUcmP%2F%2F%2Fw%3D%3DsqaoycQ12M9BItRWMZbzwAbr3m2j2PleM2n%2B8PctaA8QWXh1ng5xgs%2B1Je3NgtYt%2BopgbSKf1tdf1pWoXTEDrKZdEz0Y%2FAJiEmkQ3%2FJcqP7rxfLPXuDCvGVSi9%2BbONSiUXLuhcl%2Bp1rgRWuDPmY94SPufwwIk5CpG0TQdpz7kc2CRDIEYxG%2BMFR4S0HvAsZO%2BndHnTxzzx0xRtsDJ7anB6OKpPee4rtviBUA0vOJdMLGTmYX1ih4LdK3GYULDKS6wuA4xTMKo4y7id0CUg1P3dVqSXDxq33qUiwFEX21Cmn8znnraXYs%2Fev0QnVbKfHG78Zx7OwNhK1g9ZvmUtilsUhwgo%2BSR9OM0fx4YO7JAOboa6UEiEwGizXhkB7G%2BfiAdmfmMT2MTM8POUbK1WnEgIELew2sK7P%2FHRCJKReYNlkMv%2BzGRlKrwgh7kDVfYwaP%2BHW24mSVZlMr%2BocSWkB7LnXUxF8ISyb7vEorMNqskpoxktfFhNaBu04qyVlxKv1lHYdyhdxXxCEan%2FouZ9JYHqFdtJInqqeRd%2BPrtzQBmSjfTtNKO6hpVZYw7hVBVfYPfVoWd0jB03C5aYq3HUc1IKtSSLJQZncWk8e8Ttfjz6Fs%3D&nvMid=22282057596&catId=50002047,https://shopping-phinf.pstatic.net/main_2228205/22282057596.4.jpg?type=f200
체온계35,해외브라운 체온계 IRT-6520 접촉식 귀 체온 측정,"54,810원",https://cr.shopping.naver.com/adcr.nhn?x=9YwYiODQMKfvG3SQMJ%2F2DP%2F%2F%2Fw%3D%3DshOeycYQ8XIa2NldmdH50YiT6C8rfkg7DcxOfq3zYYS8U4bMLRpcoICXKENrWaIYf8sQjZFbl8kK8hadf9nvv1Tw3XNQB3xUkYybvwsqbIByWv0JbSZY74b4SAnv4uBRc5%2BzIR0UAIIyFmsKQUhSHEkSmp7Q8wdkLPOCueq3dcYrHY2FqhFuyNB2JnogfoG85MnsXp6EBVq%2FbLfRsgPx%2BhOFfIay%2FjVIDbXt2K9qWqg3cPsP0cADZZ3qxVSeduvcdinbr1Y%2BoBn8dZffPXBz14mvqR2unsG9Pw6XBns%2FftjI%2BhDTMBWqfHsaMZ0n29XfMUqjxGc5LLKbskV%2FS%2BrB7RwjZhL3ZVM8%2FspdGzmPVDIBI%2FIl6HWQqvRfLamjq4iu0sFdUOPwl0ruRSdvCHLQ25DsO00hoiUvQz22nlNEhalnbtcYYIuzHXHuOwqNuyvthtMyxHjY2Xl6LoVofNYYS8hqOma5xSg%2FdLUfwFKzwQt8Q6HKzHHEYOxcrQDcCJwiK1sNxjmGoSaYmZNktRDC63mHcoXcV8QhGp%2F6LmfSWB6gGuLiY%2FDMzstZ3QE9CS5OGIN5vg1sTryHu4%2BMH8DoBSlaFndIwdNwuWmKtx1HNSCrUkiyUGZ3FpPHvE7X48%2Bhb&nvMid=22124447325&catId=50002047,https://shopping-phinf.pstatic.net/main_2212444/22124447325.jpg?type=f200
체온계36,해외휴비딕 써모파인더 에스 비접촉식 적외선 체온계 HFS-900,"147,900원",https://cr.shopping.naver.com/adcr.nhn?x=ToDbcY1j1jEXJIfsY3iwTv%2F%2F%2Fw%3D%3Dsfwo7G8P%2FyN5bDIt1a5EHaJHh7d1mOdUIpvZwn1s0M1%2BZvzyqq7PC78FEiD9Rzsyu47zOw50e%2B%2B9opNKYpdwRua7xwKQNaXnZKRmXant4cXZKXtefRxlvtwYbwAd%2BDlZYZDp%2FsRTmm%2FFuPRydTmNENF6v82U1AyJ7tlz4Wg0j9tKGuPmnjcrIYuQ0YekAoB%2Fx50%2BuZpctRHD9uNkWbvo7iqjZYWqho9%2BGbOwEzpWa%2FDtXrr9jfKfWF3oi3oR2%2BUiYvB9dVC6a49BxEmZ%2FbvA31yjApT7SxLHj6YQhA4QQN9uSitytpQbkWrLZ78lIVlAvw6ZjbtkbN7RD61dGUzg7GwiA8fqLfVYalyDF6FD3tGIkXC1mTgPvlGj1fj%2B56ZWOTkNSztSGuubDtQAe1spXPJokFgVctBk7m23av2NojMF%2BKMsgWwniTY8E0q9XVgHKpeUzVNuwZO52itufcuKYXp47fJxFVQO7sDo96zxIGSkqlAIJD9PfOIL10srZ2b4C3E%2BauvJYfZ1pSfzpansI8sSSAUDgUomgCR%2BlIyo59TyoqDqW5e%2BobX75B0eKsKOKxaDdj%2FlQ9jC9WvRLiyDhbWtubud2tcS3rTWKuhnqtsM4%2BbIn4Lo2h6Xuf9yc5Im6TEcFvdumvlaTN1Mj0OYcHl9feYBeKp3E8XQtSHGSlTjLVWGr8fvvH1mWvUgXPK6j&nvMid=22726224546&catId=50002047,https://shopping-phinf.pstatic.net/main_2272622/22726224546.jpg?type=f200
체온계37,브라운 브라운 체온계 써모스캔 호환 캡 렌즈필터 프로브커버,"2,450원",https://cr.shopping.naver.com/adcr.nhn?x=L7W18Mh%2FWcJWAcL9XVPPef%2F%2F%2Fw%3D%3DsKN90TE6BPnpyTvEjA0EUIjSuSxabLZB8KuaBcQXsYirgh%2FVo2TMit2ekPnqrk9HviCxCXA3fpq%2BGaUO9IZsESwDNxTZfMeZEnQMGEbXf98ZVqfsO2HThlEDYQwy58naI891e9tn6IyTqKdfm%2BYX04uKpC1zIRZIVs1ato0u8u0lgWZ3ZzjOWxGPnrcAOvUVwzMxtMYRmSRnBPovYLWsJ0WX8k6FxlhRm9RELqwg6xVNw%2FXnLGbDO%2FYGuwBvKZaofueCfFDuywxl3T1PQ6PKMjPUtWqkjZR%2F1%2BgKUNxOf4oocJ5Aj5jRKB9Ahvq5WlS12j6O9uhP69lZbFbknctEyLARyL3V7ae0ETN%2BCyaLh7dmKmJb4ekvVkgE0%2B3dLHtcSTokQbIICRKsSEubvmEiahkIBRfcJOmKjgqENFRipbAF4qtwu94uL7U%2BQacUrxIlh4wbmPJkDB0H6D%2Fy%2Fu2JJ%2FhAzZ9vgwiJm12mFXEWdRwndDKpueAWOaLmjyqv7iun7HzOZTyZMH2ZpOMFiB9YZR1CADFj1iD6%2FltpqSrowNQc7c77cSJi44UYgW0Cs4mpzWfshJSgy0T1nmOTLaPutqIpeFUl8ImlPrtr29sQ%2FaIrNjqh%2FZemCCOboDhnweAmG&nvMid=22104055682&catId=50002047,https://shopping-phinf.pstatic.net/main_2210405/22104055682.1.jpg?type=f200
체온계38,BRAUN 귀체온계용 필터캡 1박스 20개입,"2,490원",https://cr.shopping.naver.com/adcr.nhn?x=oFhy65azAW7Rc2fDyxPUFP%2F%2F%2Fw%3D%3DsFf8xDOYm%2BbtTmqFoeeDVdboBzVJ%2FsT%2FCExd9lbz3p0MU4bMLRpcoICXKENrWaIYfA2lIht06qwxQLcM5Bdhpa6K%2BzQNk7ThEyXV0vvcV%2FJlZmxjv1Do9lWaWJ85fr223RgELC6mGuHqxBB%2FrhBS0Ksv%2BjB2erv%2BZ%2Brrs5VHOiTQgGE7%2BZatKjf5hEf1XctkK5MLOlgXNqvWRKheUcGzCWT1JGb7nL%2BGyVSx4x7G5Nh3nuoK1ZGJCfmiBA2CZtkZV0hzLXIuOgow2YNG6IuMsT9IvHd%2BKoxjW2oqgu9h0bYUQhkkHXK4%2FmSRy5icYE%2F27U5sxhN7DK7jFkhGxNTicW%2BMKjAsCSH%2BLUpg7kXN8sZC1MEpYWf5CdHQt2pL5XlO8jYb6LymKOhtaJVC1WoIwhpTW2sxOc%2BEzNzmSJQVvS2RFiBdPxTSuvYOb67FAYBAGs2fAVnyZjnHVa6xrZO8pQ7johWiDPNBBODkzu88eF%2BJ6abSRX8LH6XFqN2EO8BadS2R63V7On69l23KNeU083I3wth%2BI%2BgnuBrln5D5GE7ukvkB4zy1OE4ZEUFSEOLFB5tfzytmJfnh8GKp6nh5Wd6LzqMemg2aoJ0ZgjiGQtc06HJZQgjI8VSlbO1R88zJ2DVCYCaeglF2rgr1u2OQIzQ%3D%3D&nvMid=8758645669&catId=50002047,https://shopping-phinf.pstatic.net/main_8758645/8758645669.20150812112128.jpg?type=f200
체온계39,해외샤오미 andon 비접촉식 체온계/ 1초측정/ 독일식 센서,"26,590원",https://cr.shopping.naver.com/adcr.nhn?x=O9A0jWr0Xt2FuO4Hlluzuf%2F%2F%2Fw%3D%3DsmLTjGAGv%2Br60Y%2BMyZm7Oss75lkL1Ka%2BIIKjM0NLm%2BJwWXh1ng5xgs%2B1Je3NgtYt%2BRQD9KDh84qFu9QNDiYPb75dEz0Y%2FAJiEmkQ3%2FJcqP7rxfLPXuDCvGVSi9%2BbONSiUKcqTRW1PeKEwvCULnwyq%2Bo41FVW4KFopfFaQ9bivvWhqzBXWPbtXf%2Bl9pVE572w%2BNgzCsuv79jAJRwg8Tx%2FWBc%2B0xCni6LqiMOKNzExwg3iEt%2FLqrUw0HeV840VPuVnNDkBzXIVY4lPDCPDeI6aFdT9rXyqENDUD8omnd%2BAEOit%2B7lsml%2FqYeFFfoac8WKQBkRp6cdUkIqoX9XSgsd8xWI%2BjvboT%2BvZWWxW5J3LRMixrr%2BTFG0O4oFiuqFMe510ei3wfeOhD2R5HjrQKU85Xb8dtoE1J51cKDdvi%2FWCKxU%2BfkCFvSt17ZxDn9oyiROciw6OpF8Zm0RnixNDgzbRWohz8AzMSJVzfwgLukle%2BiT%2B7GyJAQgJZUcEdVKAoN%2Fel%2FBmH6ncx%2BMEMPtcqh%2FqFNqEyABBiXVVKMA3l0iL4SLi1xfGBfMyhCUy8hzcHtz8Wr2zWa2fUubSuAFvCJhnwYNXjvbAB%2FR4yGqcRVpKD4ulXc50eBITwugSNPH3Ok09sVpGw61BSdoQRvEGgfFlc5w%3D%3D&nvMid=22166685862&catId=50002047,https://shopping-phinf.pstatic.net/main_2216668/22166685862.jpg?type=f200
체온계40,조인메디칼 폴리그린 적외선 피부체온계 KI-8280,"75,890원",https://cr.shopping.naver.com/adcr.nhn?x=ogKtivjPK1t164zwf3ydaf%2F%2F%2Fw%3D%3Dss16Hrs1yka0W3ExpfxzJOmlWZZynbTwvWXvUtkSKKE%2BMcF9VIXnPix2HjJkNafzD91lst%2BenMrHw2GDcAlFavUBNu%2FUDOxznrxMF7A7hr1UH6XN2gEsQ4ILh1dS6MYSQYCYvwnN6Urkzm6BZl2oV7v4Oit9u1fKdKpCYRa%2FBbruxWvZfe2todmJfmpbNrXnqFyfI6CYJvE0vaka4RUww%2BQ7MAxMAolUPGnOMIFYmIqEP5j8b8nMbbnPjgoKEcZ6uZfyToXGWFGb1EQurCDrFU3D9ecsZsM79ga7AG8plqh%2B54J8UO7LDGXdPU9Do8oyM9S1aqSNlH%2FX6ApQ3E5%2FiikEOUAVn0U%2F3Qvw6prhxHx4t4gNMi0zTCBLGiLVIkqm%2FHbaHwLXSCxAs5KE45PLbblg3uramQjRPuXRCMBXd9EGZzZyDfGo1SQoYRvXGDzWdkEdOL4teUI%2FyqQe%2F%2F1kg2MHIk4ngZNrSeE1f%2F%2BXYp8AncJQEQkmJfl4RfbcIIHeZ2tJMHgscMXHpnVG%2Fj1I%2FasAbS4spoCO2CAP6%2B2kjAi60DwZgXELR34mTB5BLJ5OtXEGs1KCrudMerKceDAG%2FAA7ytYGPu3TLiegoSj3cJp1vU2Y6hEEwGxc1AZfON9sL4VRAH%2BsMDObarUodGweR8Q%3D%3D&nvMid=14481951660&catId=50002047,https://shopping-phinf.pstatic.net/main_1448195/14481951660.20180607170638.jpg?type=f200
체온계41,해외P30체온계 비접촉식 체온계 EU인정 FC인정 국내AS가능,"23,900원",https://cr.shopping.naver.com/adcr.nhn?x=27ywJbzkLX9KcO%2BPoXajjf%2F%2F%2Fw%3D%3DsoaxqxZyLU4p6YpITatzPmfVMmdUprRKRCo2Ylj5%2BS%2FQWXh1ng5xgs%2B1Je3NgtYt%2BtZIRnKkiG8bh9RJzYxde3ZdEz0Y%2FAJiEmkQ3%2FJcqP7rxfLPXuDCvGVSi9%2BbONSiUTpYfg6%2BIwJZil7zWSJPNem6IdemuhMaRXNFs4t7grWz%2BdsI0oBV0GFufH9Q6MaoxvuNXQDkmGVCeUbmSi30nq71Zj%2Fy84Zxrt2Ts9%2F8kEzcGZGk59UMRibGF5d70Oew7pbx1c3ptXfD%2BfHYocnJM8dewITp5df01O75NNuCauq2Et%2FLqrUw0HeV840VPuVnNDkBzXIVY4lPDCPDeI6aFdT9rXyqENDUD8omnd%2BAEOit%2B7lsml%2FqYeFFfoac8WKQB1hu7cAm4Laonb7EfR4%2BTNT6kpQqyVq5rTX5sDPI0b5wFHoT5nrqbzIrpPavbHbs8QmXuF26yhB8KCDeMMMED5SOEHMi9V7BKcOCLNEiycwfpxmlItFLwcg7j759HZ7HdZeIrClWT%2BeGCJa5r0qEGTKHqkf7LsS6H%2FyNFpeQUdHDHs0Ki4gUZu6mSeDLTca5osRhav3uF2A83aDM7IcbMWAeAb00RLGL8UANLA1PrKluB39vsRkcE5xI3EMJBnt0OY38aiWaVbsR%2BCc7e4g3JjQWbp5CGUzulRc%2B1K38cUgbF7oQOPdRhWophk4bNtD8kQdAiJdwXirBRdnaxfvrBbw%3D%3D&nvMid=22367291655&catId=50002047,https://shopping-phinf.pstatic.net/main_2236729/22367291655.jpg?type=f200
체온계42,해외HYS319비접촉식체온계 KC인증 (주)JHL국내AS가능 P30 후속모델 HYS319,"17,500원",https://cr.shopping.naver.com/adcr.nhn?x=VXdPe46yaQ8bFi%2FWdVV6yP%2F%2F%2Fw%3D%3Ds3eHO0VjU%2BvEPi3GTQkN98S4b9J0m1ZE9cbUVhY5sWuYU4bMLRpcoICXKENrWaIYfa5SeNHigELhZHB6H86DjvDw3XNQB3xUkYybvwsqbIByWv0JbSZY74b4SAnv4uBRcRS93v7gt%2Bzrz8jFrgzcadDMykBI%2Fzq%2B6BKlA%2BLtsshKvWNb7mFsitkT8U8q49Aj3O2Viwwwm8JhPu8GvondcrUn021EMZuZBXLHlKbAGP4dIga7RUpZbMbnmFoFF5LXeuHBLzObEqD1bPrnXsIAHRirRHfK9iNGpQTt9DpoyoPbcPsP0cADZZ3qxVSeduvcdinbr1Y%2BoBn8dZffPXBz14mvqR2unsG9Pw6XBns%2FftjIFQxaUIJ4iAIuaehN54W3RpVYeP1LFfPklTlB4AsXm4MScpXOlDa3JYau2aFCB5kVtgU4gxejmf7x3mtZJWsmgy9PfU7i6MfMblxW6lj5r50Z3qv8Ya6HW%2BnrOGjZl692K9v537hey3kQkjM4dYmw6w4bRpWrUc3okC88CLjfakNWjjQf1QMHzH4NlVfmvIYwzLPsAR4iNTVKnLR38proA96ejGfrOVH9m3rEfLhPAPmpPKCcEmchvivdmWVv%2BveD74XyOvwuYBdFaOxvo9g3cXP04BIDE1OzZ6NtVjNs0Z3NMXWhQ8G0L0kyFRuwud6sdq%2FJOBBtuREHhKsv0spfXA35CyMrpXQUt3%2FJvHupy5s1ITc7NlRPvorKrNyQBKaY%3D&nvMid=22482010493&catId=50002047,https://shopping-phinf.pstatic.net/main_2248201/22482010493.2.jpg?type=f200
체온계43,해외비접촉식 체온계 비접촉체온계,"47,140원",https://cr.shopping.naver.com/adcr.nhn?x=GZpW%2F75LyaNBgpReSZQFaf%2F%2F%2Fw%3D%3Dstys2u%2FaTvI6RsQxvyB40slrX454%2FmZjhKKsDTlsR9E8WXh1ng5xgs%2B1Je3NgtYt%2BTZPykFCZK6sxxvk%2Fmoh3BZdEz0Y%2FAJiEmkQ3%2FJcqP7rxfLPXuDCvGVSi9%2BbONSiUKcqTRW1PeKEwvCULnwyq%2Bo41FVW4KFopfFaQ9bivvWhqzBXWPbtXf%2Bl9pVE572w%2Budo36mpNPt5RHVldbMqhetFs7kG2XWDyKbygJJ0Cz2iEt%2FLqrUw0HeV840VPuVnNDkBzXIVY4lPDCPDeI6aFdT9rXyqENDUD8omnd%2BAEOit%2B7lsml%2FqYeFFfoac8WKQB6qntUi1Ah65NgwhLmIuuFY%2BjvboT%2BvZWWxW5J3LRMixy88Rr3VfZrPkkaJnrpysTcU%2BLLjufFU7rAIwCTQZAwqb0gQFqouCW91nmbHmBRyv4JEaciLpRVGX2SEDyW5VUy3xoSFxNxq7lA%2BDgQiQxg7EYWr97hdgPN2gzOyHGzFi1SeSHXj5rbvvlSFMI0HL0EgQMiuAtjEtxE94R2%2Fc09XhkYs%2BJl%2BPFfexogWQcagIXyS2Dd8oiuxQuBXqWTBalZW0wv33OlQ0ct7YvQRXvBAau4fTwOUqyF63FjwpQRls%3D&nvMid=22519529757&catId=50002047,https://shopping-phinf.pstatic.net/main_2251952/22519529757.1.jpg?type=f200
체온계44,브라운 귀체온계 필터캡(1박스20개입),"3,100원",https://cr.shopping.naver.com/adcr.nhn?x=iZlf3cwZwME26ViTZ%2FquC%2F%2F%2F%2Fw%3D%3DsWoP18SUKo%2FTYkZcuek18LXwGS9tZIYMWprU4wEBu0tuMcF9VIXnPix2HjJkNafzDioOJZ6okQAwSblY%2FFsxA0EBNu%2FUDOxznrxMF7A7hr1UH6XN2gEsQ4ILh1dS6MYSQYCYvwnN6Urkzm6BZl2oV7hzWbUP4hsfkDiMh%2FeiprrdhOluJ1tWQQiXRTgst1zfMT6f3I7eSmlb8fgy79JgM9Y9daIQOvt8GQSVlhCx4p2fCjeUTl%2B8vPvMjYnTiHS3QYSJRsvXz%2FzjymtUMpFJSdwcqzI%2FUwzd3R7uWnQuLC8%2F1EcJgtRjOBpKNvGIvqYV9uuwftHtRymOrvWEGLE2ZuoBsJjzV%2F3vl5Lmd9HbkUGIDkMR6KJTazonlNSCwsCKaV8PSib8ZZ3x8TU3VjzKRgsPupBSltgP9RuFsFpOXRfVTyDL6h9AffwY1%2Brfq%2F3VMYQkEiy6AXzgS1c7MLFRXE0RWnSKCvK8x6rufDLGRqSeFuJMM9oDYR65ESIcF3IwOnD1BgxjabooVo5LROyGZvFS0%2B9B3W1Kbo%2BP%2Fu7ydfiWxGFq%2Fe4XYDzdoMzshxsxYKV2CHRTEosqaj%2FLXCmTIFd5%2B0yNQzghaVfLGFftkie0KNFcD7KPDTre4r69oa21w4BkNKJGn%2FCEU9z46br%2FiImV9I%2F7xYxnHQ3o0inkwEMoGruH08DlKshetxY8KUEZb&nvMid=22079088987&catId=50002047,https://shopping-phinf.pstatic.net/main_2207908/22079088987.2.jpg?type=f200
체온계45,인트인 비접촉 체온계 YT-1 이마체온계,"128,140원",https://cr.shopping.naver.com/adcr.nhn?x=dChye%2FulplW9vFm4pPPMzv%2F%2F%2Fw%3D%3Dsj9lkHUTuahyEorc7cmPpWxPuDIkhEGLgu3%2Bi7HUfQ5oWXh1ng5xgs%2B1Je3NgtYt%2BrX5AwdqG6xamDA4SAwStV5dEz0Y%2FAJiEmkQ3%2FJcqP7rxfLPXuDCvGVSi9%2BbONSiUKcqTRW1PeKEwvCULnwyq%2Bo41FVW4KFopfFaQ9bivvWhqzBXWPbtXf%2Bl9pVE572w%2BJTjDHd2Uf2kZONBPKbUYiuFfIay%2FjVIDbXt2K9qWqg3cPsP0cADZZ3qxVSeduvcdinbr1Y%2BoBn8dZffPXBz14mvqR2unsG9Pw6XBns%2FftjIgua9jgCDkNVpVSsUP66DUGKRZ2aa2hC4FhGiSisPn7jKjwqZkz6bXclDKz0S%2BE49ChNJyfgMYb2pN1ibA%2Bv4PZiwi7xXowM0L7FVdOxnz3vPOCzSLmOn3Qpvzj7l0W%2BPYcmAosPnuC1mRowyKbyxMh4aiHTJ8ZubAx4ugtc%2F%2BreRA7mgwG7TENLisI%2F5dPdNqVBq3fwkA07vciHeaIlNOrLn6Dc3c%2BFlyZ5OMk9vx7zj5sifgujaHpe5%2F3JzkibpLb9Zon3NqfGVLWll6NZUEX195gF4qncTxdC1IcZKVOMtVYavx%2B%2B8fWZa9SBc8rqM%3D&nvMid=22719030857&catId=50002047,https://shopping-phinf.pstatic.net/main_2271903/22719030857.jpg?type=f200
체온계46,"샤오미 FANMI 비접촉식,귀체온계 듀얼 스마트 적외선","28,890원",,https://shopping-phinf.pstatic.net//20200312_8/ab4199e8-c63c-4a9a-8a79-f02833cc5626.jpg?type=ofullfill_200_200
체온계47,해외[당일출고] 국내배송 16시이전 당일배송 비접촉식 적외선 온도계,"44,000원",https://cr.shopping.naver.com/adcr.nhn?x=0Z1tsv%2BJoFTwIV6%2BQlhXnv%2F%2F%2Fw%3D%3DsgMpxqt1RQMHhbuLz6jTzSnz15X3M68FxgmbF2gLE6gmZvzyqq7PC78FEiD9RzsyuyOSGhw7B1k06N21%2B%2FQfdaK7xwKQNaXnZKRmXant4cXZKXtefRxlvtwYbwAd%2BDlZYZDp%2FsRTmm%2FFuPRydTmNENF6v82U1AyJ7tlz4Wg0j9tKGuPmnjcrIYuQ0YekAoB%2FxKDQVoQxIYIGQRDrzr25oVBSSu%2BaA71EDd2KH0a6DbKnf%2BNl9fQboGkTH92TD%2FCQwnqGPlLiC%2Bgk9v1QAqrNMF3e5%2BrFaR41rs6keon5YkqbiqT3nuK7b4gVANLziXTCxk5mF9YoeC3StxmFCwykusLgOMUzCqOMu4ndAlINT93WwV6xKWMbuGHXqw%2B9g09zOk5XpslRR3VYOkAfzGnVcdtfysrIvG3BPf1VM025aXFsDIc25CMK0v52dZmr1LDOOqF3DtSMGUWtrBtkpwnsKb2srGZ%2BOoTUD1nGxEDKcB7lBoE1%2FTRIjovwjaa3q8IFhMEUqaDtPmEP%2Fr9fDY5a2r69g%2F6%2FJ90xa%2FyubrN6pGwpAxJZGRINCq%2FdRi%2BDl4OXf9B6fDy0exqMCurYQSyV3SVOUeOS%2FiYbtjAcDslVoNSV2bEQwMZIBgN1mwfyEF5PzYdyhdxXxCEan%2FouZ9JYHqMbhEG6WWGLCXECLTjHeZwwZSbnsEQWn%2Bh8QC%2B%2FPZJnpVoWd0jB03C5aYq3HUc1IKtSSLJQZncWk8e8Ttfjz6Fs%3D&nvMid=22458414637&catId=50002047,https://shopping-phinf.pstatic.net/main_2245841/22458414637.10.jpg?type=f200
체온계48,샤오미 fanmi 비접촉식 귀체온계/부착식 무선 체온계,"32,400원",,https://shopping-phinf.pstatic.net//20200402_18/ca8e5bbb-1f22-4a41-a54b-005a54bd495e.jpg?type=ofullfill_200_200
