kf941,휴안청 KF94 황사 미세먼지 마스크 대형,"1,800원",https://adcr.naver.com/adcr?x=Flgrt9Imzy55+vF57f0yTf///w==k9OWQfokf2iVRTAUKxbGpVZtHdgmPtVJOxR4PpWZQTGM+XeXpJroWIubvMZAzWTXnn2F1FxuQCXrS+gjVIl2ht8N6wi4HwQshid6oyKb5p7gf+Iu8HliHtadC9+0DiVxqFA9I6OJjcZJ93ZWIrMGf4jpK7TY+45Eg0p3tGT1LxEMueyY0jrQ7zJoUou35W0KjuCJUpO0eVAc/LUFY8NfmLAIHxTK7yZfsItWHSF7ZJopdMXnnGtDjGBABiKHm9egnnK5+RO2NP6UX0GlQQbPugx6fEneEPkP7g69uNLK8TcNLkEyvUXqk/V4CjPDZ5Frestcbgz2kyjVOXsXXD17v7io4YC0tjsZ7KshhxcrahV85IYEdDQuRLnIthCljlREVtrPjo72fFZyoiBZoAJkDZK5mRxWZZnkGeWcHguvYhEx7GcW6yNrxeTrQihAh7m2ygv2sJ7XkT6f53TydvZ+xFxtn3R+Qdfg0dCEtFhikYa8M7KGDkrUG2G5BTHoftsr+Va7MP1NvTSchHpvQ8MRAU8GyCBv44cIZ5m6buuC0+7PUAQFLgEXtcnJXUh7oRXCLpCOG81StkQCLYNn/v70HBVBiydSlVjg5yMg6Uet6t04my4abdQ4PxPpFGGheRRqu5B5gwos6rNYJwGur1CE8UdHuWoSVGkHzgQg2GkXUaKA=
kf942,에어퀸 나노 국산 일회용 마스크 10매 / 미국 FDA 등록 / kf94 아닌 공산품,"14,500원",https://adcr.naver.com/adcr?x=Flgrt9Imzy55+vF57f0yTf///w==k9OWQfokf2iVRTAUKxbGpVZtHdgmPtVJOxR4PpWZQTGM+XeXpJroWIubvMZAzWTXnn2F1FxuQCXrS+gjVIl2ht8N6wi4HwQshid6oyKb5p7gf+Iu8HliHtadC9+0DiVxqFA9I6OJjcZJ93ZWIrMGf4jpK7TY+45Eg0p3tGT1LxEMueyY0jrQ7zJoUou35W0KjuCJUpO0eVAc/LUFY8NfmLAIHxTK7yZfsItWHSF7ZJopdMXnnGtDjGBABiKHm9egnnK5+RO2NP6UX0GlQQbPugx6fEneEPkP7g69uNLK8TcNLkEyvUXqk/V4CjPDZ5Frestcbgz2kyjVOXsXXD17v7io4YC0tjsZ7KshhxcrahV85IYEdDQuRLnIthCljlREVtrPjo72fFZyoiBZoAJkDZK5mRxWZZnkGeWcHguvYhEx7GcW6yNrxeTrQihAh7m2ygv2sJ7XkT6f53TydvZ+xFxtn3R+Qdfg0dCEtFhikYa8M7KGDkrUG2G5BTHoftsr+Va7MP1NvTSchHpvQ8MRAU8GyCBv44cIZ5m6buuC0+7PUAQFLgEXtcnJXUh7oRXCLpCOG81StkQCLYNn/v70HBVBiydSlVjg5yMg6Uet6t04my4abdQ4PxPpFGGheRRqu5B5gwos6rNYJwGur1CE8UdHuWoSVGkHzgQg2GkXUaKA=
kf943,KF94 황사방역마스크 10매 블랙 낱개포장,"25,350원",https://adcr.naver.com/adcr?x=Flgrt9Imzy55+vF57f0yTf///w==k9OWQfokf2iVRTAUKxbGpVZtHdgmPtVJOxR4PpWZQTGM+XeXpJroWIubvMZAzWTXnn2F1FxuQCXrS+gjVIl2ht8N6wi4HwQshid6oyKb5p7gf+Iu8HliHtadC9+0DiVxqFA9I6OJjcZJ93ZWIrMGf4jpK7TY+45Eg0p3tGT1LxEMueyY0jrQ7zJoUou35W0KjuCJUpO0eVAc/LUFY8NfmLAIHxTK7yZfsItWHSF7ZJopdMXnnGtDjGBABiKHm9egnnK5+RO2NP6UX0GlQQbPugx6fEneEPkP7g69uNLK8TcNLkEyvUXqk/V4CjPDZ5Frestcbgz2kyjVOXsXXD17v7io4YC0tjsZ7KshhxcrahV85IYEdDQuRLnIthCljlREVtrPjo72fFZyoiBZoAJkDZK5mRxWZZnkGeWcHguvYhEx7GcW6yNrxeTrQihAh7m2ygv2sJ7XkT6f53TydvZ+xFxtn3R+Qdfg0dCEtFhikYa8M7KGDkrUG2G5BTHoftsr+Va7MP1NvTSchHpvQ8MRAU8GyCBv44cIZ5m6buuC0+7PUAQFLgEXtcnJXUh7oRXCLpCOG81StkQCLYNn/v70HBVBiydSlVjg5yMg6Uet6t04my4abdQ4PxPpFGGheRRqu5B5gwos6rNYJwGur1CE8UdHuWoSVGkHzgQg2GkXUaKA=
kf944,[낱개 개별포장] KF94 올가드 마스크 대형,"2,000원",https://adcr.naver.com/adcr?x=Flgrt9Imzy55+vF57f0yTf///w==k9OWQfokf2iVRTAUKxbGpVZtHdgmPtVJOxR4PpWZQTGM+XeXpJroWIubvMZAzWTXnn2F1FxuQCXrS+gjVIl2ht8N6wi4HwQshid6oyKb5p7gf+Iu8HliHtadC9+0DiVxqFA9I6OJjcZJ93ZWIrMGf4jpK7TY+45Eg0p3tGT1LxEMueyY0jrQ7zJoUou35W0KjuCJUpO0eVAc/LUFY8NfmLAIHxTK7yZfsItWHSF7ZJopdMXnnGtDjGBABiKHm9egnnK5+RO2NP6UX0GlQQbPugx6fEneEPkP7g69uNLK8TcNLkEyvUXqk/V4CjPDZ5Frestcbgz2kyjVOXsXXD17v7io4YC0tjsZ7KshhxcrahV85IYEdDQuRLnIthCljlREVtrPjo72fFZyoiBZoAJkDZK5mRxWZZnkGeWcHguvYhEx7GcW6yNrxeTrQihAh7m2ygv2sJ7XkT6f53TydvZ+xFxtn3R+Qdfg0dCEtFhikYa8M7KGDkrUG2G5BTHoftsr+Va7MP1NvTSchHpvQ8MRAU8GyCBv44cIZ5m6buuC0+7PUAQFLgEXtcnJXUh7oRXCLpCOG81StkQCLYNn/v70HBVBiydSlVjg5yMg6Uet6t04my4abdQ4PxPpFGGheRRqu5B5gwos6rNYJwGur1CE8UdHuWoSVGkHzgQg2GkXUaKA=
kf945,[당일발송] 소형 대형 KF94 블루인더스 공룡 MB필터 일회용 덴탈 마스크 1매입 5매입 20매입 / KF80 KC인증 화이트 블랙,"11,900원",https://adcr.naver.com/adcr?x=Flgrt9Imzy55+vF57f0yTf///w==k9OWQfokf2iVRTAUKxbGpVZtHdgmPtVJOxR4PpWZQTGM+XeXpJroWIubvMZAzWTXnn2F1FxuQCXrS+gjVIl2ht8N6wi4HwQshid6oyKb5p7gf+Iu8HliHtadC9+0DiVxqFA9I6OJjcZJ93ZWIrMGf4jpK7TY+45Eg0p3tGT1LxEMueyY0jrQ7zJoUou35W0KjuCJUpO0eVAc/LUFY8NfmLAIHxTK7yZfsItWHSF7ZJopdMXnnGtDjGBABiKHm9egnnK5+RO2NP6UX0GlQQbPugx6fEneEPkP7g69uNLK8TcNLkEyvUXqk/V4CjPDZ5Frestcbgz2kyjVOXsXXD17v7io4YC0tjsZ7KshhxcrahV85IYEdDQuRLnIthCljlREVtrPjo72fFZyoiBZoAJkDZK5mRxWZZnkGeWcHguvYhEx7GcW6yNrxeTrQihAh7m2ygv2sJ7XkT6f53TydvZ+xFxtn3R+Qdfg0dCEtFhikYa8M7KGDkrUG2G5BTHoftsr+Va7MP1NvTSchHpvQ8MRAU8GyCBv44cIZ5m6buuC0+7PUAQFLgEXtcnJXUh7oRXCLpCOG81StkQCLYNn/v70HBVBiydSlVjg5yMg6Uet6t04my4abdQ4PxPpFGGheRRqu5B5gwos6rNYJwGur1CE8UdHuWoSVGkHzgQg2GkXUaKA=
kf946,KF94 마스크 대형 5매입,"9,950원",https://adcr.naver.com/adcr?x=Flgrt9Imzy55+vF57f0yTf///w==k9OWQfokf2iVRTAUKxbGpVZtHdgmPtVJOxR4PpWZQTGM+XeXpJroWIubvMZAzWTXnn2F1FxuQCXrS+gjVIl2ht8N6wi4HwQshid6oyKb5p7gf+Iu8HliHtadC9+0DiVxqFA9I6OJjcZJ93ZWIrMGf4jpK7TY+45Eg0p3tGT1LxEMueyY0jrQ7zJoUou35W0KjuCJUpO0eVAc/LUFY8NfmLAIHxTK7yZfsItWHSF7ZJopdMXnnGtDjGBABiKHm9egnnK5+RO2NP6UX0GlQQbPugx6fEneEPkP7g69uNLK8TcNLkEyvUXqk/V4CjPDZ5Frestcbgz2kyjVOXsXXD17v7io4YC0tjsZ7KshhxcrahV85IYEdDQuRLnIthCljlREVtrPjo72fFZyoiBZoAJkDZK5mRxWZZnkGeWcHguvYhEx7GcW6yNrxeTrQihAh7m2ygv2sJ7XkT6f53TydvZ+xFxtn3R+Qdfg0dCEtFhikYa8M7KGDkrUG2G5BTHoftsr+Va7MP1NvTSchHpvQ8MRAU8GyCBv44cIZ5m6buuC0+7PUAQFLgEXtcnJXUh7oRXCLpCOG81StkQCLYNn/v70HBVBiydSlVjg5yMg6Uet6t04my4abdQ4PxPpFGGheRRqu5B5gwos6rNYJwGur1CE8UdHuWoSVGkHzgQg2GkXUaKA=
kf947,KF94 마스크 일회용 국산 덴탈 마스크 대형 중형 소형 1매 10매 50매 100매,"1,690원",https://adcr.naver.com/adcr?x=Flgrt9Imzy55+vF57f0yTf///w==k9OWQfokf2iVRTAUKxbGpVZtHdgmPtVJOxR4PpWZQTGM+XeXpJroWIubvMZAzWTXnn2F1FxuQCXrS+gjVIl2ht8N6wi4HwQshid6oyKb5p7gf+Iu8HliHtadC9+0DiVxqFA9I6OJjcZJ93ZWIrMGf4jpK7TY+45Eg0p3tGT1LxEMueyY0jrQ7zJoUou35W0KjuCJUpO0eVAc/LUFY8NfmLAIHxTK7yZfsItWHSF7ZJopdMXnnGtDjGBABiKHm9egnnK5+RO2NP6UX0GlQQbPugx6fEneEPkP7g69uNLK8TcNLkEyvUXqk/V4CjPDZ5Frestcbgz2kyjVOXsXXD17v7io4YC0tjsZ7KshhxcrahV85IYEdDQuRLnIthCljlREVtrPjo72fFZyoiBZoAJkDZK5mRxWZZnkGeWcHguvYhEx7GcW6yNrxeTrQihAh7m2ygv2sJ7XkT6f53TydvZ+xFxtn3R+Qdfg0dCEtFhikYa8M7KGDkrUG2G5BTHoftsr+Va7MP1NvTSchHpvQ8MRAU8GyCBv44cIZ5m6buuC0+7PUAQFLgEXtcnJXUh7oRXCLpCOG81StkQCLYNn/v70HBVBiydSlVjg5yMg6Uet6t04my4abdQ4PxPpFGGheRRqu5B5gwos6rNYJwGur1CE8UdHuWoSVGkHzgQg2GkXUaKA=
kf948,캐드원 하얀봄 미세먼지 황사 마스크 KF94,"19,800원",https://adcr.naver.com/adcr?x=Flgrt9Imzy55+vF57f0yTf///w==k9OWQfokf2iVRTAUKxbGpVZtHdgmPtVJOxR4PpWZQTGM+XeXpJroWIubvMZAzWTXnn2F1FxuQCXrS+gjVIl2ht8N6wi4HwQshid6oyKb5p7gf+Iu8HliHtadC9+0DiVxqFA9I6OJjcZJ93ZWIrMGf4jpK7TY+45Eg0p3tGT1LxEMueyY0jrQ7zJoUou35W0KjuCJUpO0eVAc/LUFY8NfmLAIHxTK7yZfsItWHSF7ZJopdMXnnGtDjGBABiKHm9egnnK5+RO2NP6UX0GlQQbPugx6fEneEPkP7g69uNLK8TcNLkEyvUXqk/V4CjPDZ5Frestcbgz2kyjVOXsXXD17v7io4YC0tjsZ7KshhxcrahV85IYEdDQuRLnIthCljlREVtrPjo72fFZyoiBZoAJkDZK5mRxWZZnkGeWcHguvYhEx7GcW6yNrxeTrQihAh7m2ygv2sJ7XkT6f53TydvZ+xFxtn3R+Qdfg0dCEtFhikYa8M7KGDkrUG2G5BTHoftsr+Va7MP1NvTSchHpvQ8MRAU8GyCBv44cIZ5m6buuC0+7PUAQFLgEXtcnJXUh7oRXCLpCOG81StkQCLYNn/v70HBVBiydSlVjg5yMg6Uet6t04my4abdQ4PxPpFGGheRRqu5B5gwos6rNYJwGur1CE8UdHuWoSVGkHzgQg2GkXUaKA=
kf949,휴안청플러스 국내생산 KF94 마스크 1매 식약처인증 미세먼지 황사 방역마스크,"1,800원",https://adcr.naver.com/adcr?x=Flgrt9Imzy55+vF57f0yTf///w==k9OWQfokf2iVRTAUKxbGpVZtHdgmPtVJOxR4PpWZQTGM+XeXpJroWIubvMZAzWTXnn2F1FxuQCXrS+gjVIl2ht8N6wi4HwQshid6oyKb5p7gf+Iu8HliHtadC9+0DiVxqFA9I6OJjcZJ93ZWIrMGf4jpK7TY+45Eg0p3tGT1LxEMueyY0jrQ7zJoUou35W0KjuCJUpO0eVAc/LUFY8NfmLAIHxTK7yZfsItWHSF7ZJopdMXnnGtDjGBABiKHm9egnnK5+RO2NP6UX0GlQQbPugx6fEneEPkP7g69uNLK8TcNLkEyvUXqk/V4CjPDZ5Frestcbgz2kyjVOXsXXD17v7io4YC0tjsZ7KshhxcrahV85IYEdDQuRLnIthCljlREVtrPjo72fFZyoiBZoAJkDZK5mRxWZZnkGeWcHguvYhEx7GcW6yNrxeTrQihAh7m2ygv2sJ7XkT6f53TydvZ+xFxtn3R+Qdfg0dCEtFhikYa8M7KGDkrUG2G5BTHoftsr+Va7MP1NvTSchHpvQ8MRAU8GyCBv44cIZ5m6buuC0+7PUAQFLgEXtcnJXUh7oRXCLpCOG81StkQCLYNn/v70HBVBiydSlVjg5yMg6Uet6t04my4abdQ4PxPpFGGheRRqu5B5gwos6rNYJwGur1CE8UdHuWoSVGkHzgQg2GkXUaKA=
kf9410,웰킵스 KF94 소형마스크 /25개입/초등생/어린이마스크,"68,250원",https://adcr.naver.com/adcr?x=Flgrt9Imzy55+vF57f0yTf///w==k9OWQfokf2iVRTAUKxbGpVZtHdgmPtVJOxR4PpWZQTGM+XeXpJroWIubvMZAzWTXnn2F1FxuQCXrS+gjVIl2ht8N6wi4HwQshid6oyKb5p7gf+Iu8HliHtadC9+0DiVxqFA9I6OJjcZJ93ZWIrMGf4jpK7TY+45Eg0p3tGT1LxEMueyY0jrQ7zJoUou35W0KjuCJUpO0eVAc/LUFY8NfmLAIHxTK7yZfsItWHSF7ZJopdMXnnGtDjGBABiKHm9egnnK5+RO2NP6UX0GlQQbPugx6fEneEPkP7g69uNLK8TcNLkEyvUXqk/V4CjPDZ5Frestcbgz2kyjVOXsXXD17v7io4YC0tjsZ7KshhxcrahV85IYEdDQuRLnIthCljlREVtrPjo72fFZyoiBZoAJkDZK5mRxWZZnkGeWcHguvYhEx7GcW6yNrxeTrQihAh7m2ygv2sJ7XkT6f53TydvZ+xFxtn3R+Qdfg0dCEtFhikYa8M7KGDkrUG2G5BTHoftsr+Va7MP1NvTSchHpvQ8MRAU8GyCBv44cIZ5m6buuC0+7PUAQFLgEXtcnJXUh7oRXCLpCOG81StkQCLYNn/v70HBVBiydSlVjg5yMg6Uet6t04my4abdQ4PxPpFGGheRRqu5B5gwos6rNYJwGur1CE8UdHuWoSVGkHzgQg2GkXUaKA=
kf9411,국내 식약처 KF94 4중필터 황사 방역 미세먼지 이지숨마스크 개별/3중필터 멜트블로운 일회용마스크 50매,"16,740원",https://adcr.naver.com/adcr?x=Flgrt9Imzy55+vF57f0yTf///w==k9OWQfokf2iVRTAUKxbGpVZtHdgmPtVJOxR4PpWZQTGM+XeXpJroWIubvMZAzWTXnn2F1FxuQCXrS+gjVIl2ht8N6wi4HwQshid6oyKb5p7gf+Iu8HliHtadC9+0DiVxqFA9I6OJjcZJ93ZWIrMGf4jpK7TY+45Eg0p3tGT1LxEMueyY0jrQ7zJoUou35W0KjuCJUpO0eVAc/LUFY8NfmLAIHxTK7yZfsItWHSF7ZJopdMXnnGtDjGBABiKHm9egnnK5+RO2NP6UX0GlQQbPugx6fEneEPkP7g69uNLK8TcNLkEyvUXqk/V4CjPDZ5Frestcbgz2kyjVOXsXXD17v7io4YC0tjsZ7KshhxcrahV85IYEdDQuRLnIthCljlREVtrPjo72fFZyoiBZoAJkDZK5mRxWZZnkGeWcHguvYhEx7GcW6yNrxeTrQihAh7m2ygv2sJ7XkT6f53TydvZ+xFxtn3R+Qdfg0dCEtFhikYa8M7KGDkrUG2G5BTHoftsr+Va7MP1NvTSchHpvQ8MRAU8GyCBv44cIZ5m6buuC0+7PUAQFLgEXtcnJXUh7oRXCLpCOG81StkQCLYNn/v70HBVBiydSlVjg5yMg6Uet6t04my4abdQ4PxPpFGGheRRqu5B5gwos6rNYJwGur1CE8UdHuWoSVGkHzgQg2GkXUaKA=
kf9412,블루나 페이스핏 황사/방역 마스크 KF94 끈조절 9개(개별포장),"20,650원",https://adcr.naver.com/adcr?x=Flgrt9Imzy55+vF57f0yTf///w==k9OWQfokf2iVRTAUKxbGpVZtHdgmPtVJOxR4PpWZQTGM+XeXpJroWIubvMZAzWTXnn2F1FxuQCXrS+gjVIl2ht8N6wi4HwQshid6oyKb5p7gf+Iu8HliHtadC9+0DiVxqFA9I6OJjcZJ93ZWIrMGf4jpK7TY+45Eg0p3tGT1LxEMueyY0jrQ7zJoUou35W0KjuCJUpO0eVAc/LUFY8NfmLAIHxTK7yZfsItWHSF7ZJopdMXnnGtDjGBABiKHm9egnnK5+RO2NP6UX0GlQQbPugx6fEneEPkP7g69uNLK8TcNLkEyvUXqk/V4CjPDZ5Frestcbgz2kyjVOXsXXD17v7io4YC0tjsZ7KshhxcrahV85IYEdDQuRLnIthCljlREVtrPjo72fFZyoiBZoAJkDZK5mRxWZZnkGeWcHguvYhEx7GcW6yNrxeTrQihAh7m2ygv2sJ7XkT6f53TydvZ+xFxtn3R+Qdfg0dCEtFhikYa8M7KGDkrUG2G5BTHoftsr+Va7MP1NvTSchHpvQ8MRAU8GyCBv44cIZ5m6buuC0+7PUAQFLgEXtcnJXUh7oRXCLpCOG81StkQCLYNn/v70HBVBiydSlVjg5yMg6Uet6t04my4abdQ4PxPpFGGheRRqu5B5gwos6rNYJwGur1CE8UdHuWoSVGkHzgQg2GkXUaKA=
kf9413,베이비락 캐릭터 초소형 마스크 KF94 10매 끈조절 소소형 미세먼지 황사,"28,900원",https://adcr.naver.com/adcr?x=Flgrt9Imzy55+vF57f0yTf///w==k9OWQfokf2iVRTAUKxbGpVZtHdgmPtVJOxR4PpWZQTGM+XeXpJroWIubvMZAzWTXnn2F1FxuQCXrS+gjVIl2ht8N6wi4HwQshid6oyKb5p7gf+Iu8HliHtadC9+0DiVxqFA9I6OJjcZJ93ZWIrMGf4jpK7TY+45Eg0p3tGT1LxEMueyY0jrQ7zJoUou35W0KjuCJUpO0eVAc/LUFY8NfmLAIHxTK7yZfsItWHSF7ZJopdMXnnGtDjGBABiKHm9egnnK5+RO2NP6UX0GlQQbPugx6fEneEPkP7g69uNLK8TcNLkEyvUXqk/V4CjPDZ5Frestcbgz2kyjVOXsXXD17v7io4YC0tjsZ7KshhxcrahV85IYEdDQuRLnIthCljlREVtrPjo72fFZyoiBZoAJkDZK5mRxWZZnkGeWcHguvYhEx7GcW6yNrxeTrQihAh7m2ygv2sJ7XkT6f53TydvZ+xFxtn3R+Qdfg0dCEtFhikYa8M7KGDkrUG2G5BTHoftsr+Va7MP1NvTSchHpvQ8MRAU8GyCBv44cIZ5m6buuC0+7PUAQFLgEXtcnJXUh7oRXCLpCOG81StkQCLYNn/v70HBVBiydSlVjg5yMg6Uet6t04my4abdQ4PxPpFGGheRRqu5B5gwos6rNYJwGur1CE8UdHuWoSVGkHzgQg2GkXUaKA=
kf9414,닥터퓨리 KF94 황사마스크 KN95 유한킴벌리 어린이용 수술용 의료용 덴탈마스크 3D 블랙 패션마스크 5시이전 구매시 당일발송,"15,900원",https://adcr.naver.com/adcr?x=Flgrt9Imzy55+vF57f0yTf///w==k9OWQfokf2iVRTAUKxbGpVZtHdgmPtVJOxR4PpWZQTGM+XeXpJroWIubvMZAzWTXnn2F1FxuQCXrS+gjVIl2ht8N6wi4HwQshid6oyKb5p7gf+Iu8HliHtadC9+0DiVxqFA9I6OJjcZJ93ZWIrMGf4jpK7TY+45Eg0p3tGT1LxEMueyY0jrQ7zJoUou35W0KjuCJUpO0eVAc/LUFY8NfmLAIHxTK7yZfsItWHSF7ZJopdMXnnGtDjGBABiKHm9egnnK5+RO2NP6UX0GlQQbPugx6fEneEPkP7g69uNLK8TcNLkEyvUXqk/V4CjPDZ5Frestcbgz2kyjVOXsXXD17v7io4YC0tjsZ7KshhxcrahV85IYEdDQuRLnIthCljlREVtrPjo72fFZyoiBZoAJkDZK5mRxWZZnkGeWcHguvYhEx7GcW6yNrxeTrQihAh7m2ygv2sJ7XkT6f53TydvZ+xFxtn3R+Qdfg0dCEtFhikYa8M7KGDkrUG2G5BTHoftsr+Va7MP1NvTSchHpvQ8MRAU8GyCBv44cIZ5m6buuC0+7PUAQFLgEXtcnJXUh7oRXCLpCOG81StkQCLYNn/v70HBVBiydSlVjg5yMg6Uet6t04my4abdQ4PxPpFGGheRRqu5B5gwos6rNYJwGur1CE8UdHuWoSVGkHzgQg2GkXUaKA=
kf9415,KF94 마스크 미세먼지 방역 보건용 황사 식약처 대형 소형,"8,450원",https://adcr.naver.com/adcr?x=Flgrt9Imzy55+vF57f0yTf///w==k9OWQfokf2iVRTAUKxbGpVZtHdgmPtVJOxR4PpWZQTGM+XeXpJroWIubvMZAzWTXnn2F1FxuQCXrS+gjVIl2ht8N6wi4HwQshid6oyKb5p7gf+Iu8HliHtadC9+0DiVxqFA9I6OJjcZJ93ZWIrMGf4jpK7TY+45Eg0p3tGT1LxEMueyY0jrQ7zJoUou35W0KjuCJUpO0eVAc/LUFY8NfmLAIHxTK7yZfsItWHSF7ZJopdMXnnGtDjGBABiKHm9egnnK5+RO2NP6UX0GlQQbPugx6fEneEPkP7g69uNLK8TcNLkEyvUXqk/V4CjPDZ5Frestcbgz2kyjVOXsXXD17v7io4YC0tjsZ7KshhxcrahV85IYEdDQuRLnIthCljlREVtrPjo72fFZyoiBZoAJkDZK5mRxWZZnkGeWcHguvYhEx7GcW6yNrxeTrQihAh7m2ygv2sJ7XkT6f53TydvZ+xFxtn3R+Qdfg0dCEtFhikYa8M7KGDkrUG2G5BTHoftsr+Va7MP1NvTSchHpvQ8MRAU8GyCBv44cIZ5m6buuC0+7PUAQFLgEXtcnJXUh7oRXCLpCOG81StkQCLYNn/v70HBVBiydSlVjg5yMg6Uet6t04my4abdQ4PxPpFGGheRRqu5B5gwos6rNYJwGur1CE8UdHuWoSVGkHzgQg2GkXUaKA=
kf9416,일월 4중필터 일회용 마스크,990원,https://adcr.naver.com/adcr?x=Flgrt9Imzy55+vF57f0yTf///w==k9OWQfokf2iVRTAUKxbGpVZtHdgmPtVJOxR4PpWZQTGM+XeXpJroWIubvMZAzWTXnn2F1FxuQCXrS+gjVIl2ht8N6wi4HwQshid6oyKb5p7gf+Iu8HliHtadC9+0DiVxqFA9I6OJjcZJ93ZWIrMGf4jpK7TY+45Eg0p3tGT1LxEMueyY0jrQ7zJoUou35W0KjuCJUpO0eVAc/LUFY8NfmLAIHxTK7yZfsItWHSF7ZJopdMXnnGtDjGBABiKHm9egnnK5+RO2NP6UX0GlQQbPugx6fEneEPkP7g69uNLK8TcNLkEyvUXqk/V4CjPDZ5Frestcbgz2kyjVOXsXXD17v7io4YC0tjsZ7KshhxcrahV85IYEdDQuRLnIthCljlREVtrPjo72fFZyoiBZoAJkDZK5mRxWZZnkGeWcHguvYhEx7GcW6yNrxeTrQihAh7m2ygv2sJ7XkT6f53TydvZ+xFxtn3R+Qdfg0dCEtFhikYa8M7KGDkrUG2G5BTHoftsr+Va7MP1NvTSchHpvQ8MRAU8GyCBv44cIZ5m6buuC0+7PUAQFLgEXtcnJXUh7oRXCLpCOG81StkQCLYNn/v70HBVBiydSlVjg5yMg6Uet6t04my4abdQ4PxPpFGGheRRqu5B5gwos6rNYJwGur1CE8UdHuWoSVGkHzgQg2GkXUaKA=
kf9417,QUQU 더안심 황사 미세먼지 방역 마스크 KF94,"1,490원",https://adcr.naver.com/adcr?x=Flgrt9Imzy55+vF57f0yTf///w==k9OWQfokf2iVRTAUKxbGpVZtHdgmPtVJOxR4PpWZQTGM+XeXpJroWIubvMZAzWTXnn2F1FxuQCXrS+gjVIl2ht8N6wi4HwQshid6oyKb5p7gf+Iu8HliHtadC9+0DiVxqFA9I6OJjcZJ93ZWIrMGf4jpK7TY+45Eg0p3tGT1LxEMueyY0jrQ7zJoUou35W0KjuCJUpO0eVAc/LUFY8NfmLAIHxTK7yZfsItWHSF7ZJopdMXnnGtDjGBABiKHm9egnnK5+RO2NP6UX0GlQQbPugx6fEneEPkP7g69uNLK8TcNLkEyvUXqk/V4CjPDZ5Frestcbgz2kyjVOXsXXD17v7io4YC0tjsZ7KshhxcrahV85IYEdDQuRLnIthCljlREVtrPjo72fFZyoiBZoAJkDZK5mRxWZZnkGeWcHguvYhEx7GcW6yNrxeTrQihAh7m2ygv2sJ7XkT6f53TydvZ+xFxtn3R+Qdfg0dCEtFhikYa8M7KGDkrUG2G5BTHoftsr+Va7MP1NvTSchHpvQ8MRAU8GyCBv44cIZ5m6buuC0+7PUAQFLgEXtcnJXUh7oRXCLpCOG81StkQCLYNn/v70HBVBiydSlVjg5yMg6Uet6t04my4abdQ4PxPpFGGheRRqu5B5gwos6rNYJwGur1CE8UdHuWoSVGkHzgQg2GkXUaKA=
kf9418,당일발송 KF94 힐메이드마스크 소형 중형 대형 아동용 초등학생용 1매입,"2,190원",https://adcr.naver.com/adcr?x=Flgrt9Imzy55+vF57f0yTf///w==k9OWQfokf2iVRTAUKxbGpVZtHdgmPtVJOxR4PpWZQTGM+XeXpJroWIubvMZAzWTXnn2F1FxuQCXrS+gjVIl2ht8N6wi4HwQshid6oyKb5p7gf+Iu8HliHtadC9+0DiVxqFA9I6OJjcZJ93ZWIrMGf4jpK7TY+45Eg0p3tGT1LxEMueyY0jrQ7zJoUou35W0KjuCJUpO0eVAc/LUFY8NfmLAIHxTK7yZfsItWHSF7ZJopdMXnnGtDjGBABiKHm9egnnK5+RO2NP6UX0GlQQbPugx6fEneEPkP7g69uNLK8TcNLkEyvUXqk/V4CjPDZ5Frestcbgz2kyjVOXsXXD17v7io4YC0tjsZ7KshhxcrahV85IYEdDQuRLnIthCljlREVtrPjo72fFZyoiBZoAJkDZK5mRxWZZnkGeWcHguvYhEx7GcW6yNrxeTrQihAh7m2ygv2sJ7XkT6f53TydvZ+xFxtn3R+Qdfg0dCEtFhikYa8M7KGDkrUG2G5BTHoftsr+Va7MP1NvTSchHpvQ8MRAU8GyCBv44cIZ5m6buuC0+7PUAQFLgEXtcnJXUh7oRXCLpCOG81StkQCLYNn/v70HBVBiydSlVjg5yMg6Uet6t04my4abdQ4PxPpFGGheRRqu5B5gwos6rNYJwGur1CE8UdHuWoSVGkHzgQg2GkXUaKA=
kf9419,참조은 국산 KF94 일회용 마스크 5매 - 코로나 미세먼지 황사,"9,990원",https://adcr.naver.com/adcr?x=Flgrt9Imzy55+vF57f0yTf///w==k9OWQfokf2iVRTAUKxbGpVZtHdgmPtVJOxR4PpWZQTGM+XeXpJroWIubvMZAzWTXnn2F1FxuQCXrS+gjVIl2ht8N6wi4HwQshid6oyKb5p7gf+Iu8HliHtadC9+0DiVxqFA9I6OJjcZJ93ZWIrMGf4jpK7TY+45Eg0p3tGT1LxEMueyY0jrQ7zJoUou35W0KjuCJUpO0eVAc/LUFY8NfmLAIHxTK7yZfsItWHSF7ZJopdMXnnGtDjGBABiKHm9egnnK5+RO2NP6UX0GlQQbPugx6fEneEPkP7g69uNLK8TcNLkEyvUXqk/V4CjPDZ5Frestcbgz2kyjVOXsXXD17v7io4YC0tjsZ7KshhxcrahV85IYEdDQuRLnIthCljlREVtrPjo72fFZyoiBZoAJkDZK5mRxWZZnkGeWcHguvYhEx7GcW6yNrxeTrQihAh7m2ygv2sJ7XkT6f53TydvZ+xFxtn3R+Qdfg0dCEtFhikYa8M7KGDkrUG2G5BTHoftsr+Va7MP1NvTSchHpvQ8MRAU8GyCBv44cIZ5m6buuC0+7PUAQFLgEXtcnJXUh7oRXCLpCOG81StkQCLYNn/v70HBVBiydSlVjg5yMg6Uet6t04my4abdQ4PxPpFGGheRRqu5B5gwos6rNYJwGur1CE8UdHuWoSVGkHzgQg2GkXUaKA=
kf9420,미세먼지 마스크 KF94 황사 방역 대형 입체형 일회용 초미세먼지 3D 닥터로드식약처인증,"1,990원",https://adcr.naver.com/adcr?x=Flgrt9Imzy55+vF57f0yTf///w==k9OWQfokf2iVRTAUKxbGpVZtHdgmPtVJOxR4PpWZQTGM+XeXpJroWIubvMZAzWTXnn2F1FxuQCXrS+gjVIl2ht8N6wi4HwQshid6oyKb5p7gf+Iu8HliHtadC9+0DiVxqFA9I6OJjcZJ93ZWIrMGf4jpK7TY+45Eg0p3tGT1LxEMueyY0jrQ7zJoUou35W0KjuCJUpO0eVAc/LUFY8NfmLAIHxTK7yZfsItWHSF7ZJopdMXnnGtDjGBABiKHm9egnnK5+RO2NP6UX0GlQQbPugx6fEneEPkP7g69uNLK8TcNLkEyvUXqk/V4CjPDZ5Frestcbgz2kyjVOXsXXD17v7io4YC0tjsZ7KshhxcrahV85IYEdDQuRLnIthCljlREVtrPjo72fFZyoiBZoAJkDZK5mRxWZZnkGeWcHguvYhEx7GcW6yNrxeTrQihAh7m2ygv2sJ7XkT6f53TydvZ+xFxtn3R+Qdfg0dCEtFhikYa8M7KGDkrUG2G5BTHoftsr+Va7MP1NvTSchHpvQ8MRAU8GyCBv44cIZ5m6buuC0+7PUAQFLgEXtcnJXUh7oRXCLpCOG81StkQCLYNn/v70HBVBiydSlVjg5yMg6Uet6t04my4abdQ4PxPpFGGheRRqu5B5gwos6rNYJwGur1CE8UdHuWoSVGkHzgQg2GkXUaKA=
kf9421,국내산 KF94 네퓨어 마스크 5매 서울시교육청 납품 으뜸 마스크필터 교체형 10매,"15,400원",https://adcr.naver.com/adcr?x=Flgrt9Imzy55+vF57f0yTf///w==k9OWQfokf2iVRTAUKxbGpVZtHdgmPtVJOxR4PpWZQTGM+XeXpJroWIubvMZAzWTXnn2F1FxuQCXrS+gjVIl2ht8N6wi4HwQshid6oyKb5p7gf+Iu8HliHtadC9+0DiVxqFA9I6OJjcZJ93ZWIrMGf4jpK7TY+45Eg0p3tGT1LxEMueyY0jrQ7zJoUou35W0KjuCJUpO0eVAc/LUFY8NfmLAIHxTK7yZfsItWHSF7ZJopdMXnnGtDjGBABiKHm9egnnK5+RO2NP6UX0GlQQbPugx6fEneEPkP7g69uNLK8TcNLkEyvUXqk/V4CjPDZ5Frestcbgz2kyjVOXsXXD17v7io4YC0tjsZ7KshhxcrahV85IYEdDQuRLnIthCljlREVtrPjo72fFZyoiBZoAJkDZK5mRxWZZnkGeWcHguvYhEx7GcW6yNrxeTrQihAh7m2ygv2sJ7XkT6f53TydvZ+xFxtn3R+Qdfg0dCEtFhikYa8M7KGDkrUG2G5BTHoftsr+Va7MP1NvTSchHpvQ8MRAU8GyCBv44cIZ5m6buuC0+7PUAQFLgEXtcnJXUh7oRXCLpCOG81StkQCLYNn/v70HBVBiydSlVjg5yMg6Uet6t04my4abdQ4PxPpFGGheRRqu5B5gwos6rNYJwGur1CE8UdHuWoSVGkHzgQg2GkXUaKA=
kf9422,국산 덴탈마스크 건강마스크 KF94 미세먼지 마스크,"1,390원",https://adcr.naver.com/adcr?x=Flgrt9Imzy55+vF57f0yTf///w==k9OWQfokf2iVRTAUKxbGpVZtHdgmPtVJOxR4PpWZQTGM+XeXpJroWIubvMZAzWTXnn2F1FxuQCXrS+gjVIl2ht8N6wi4HwQshid6oyKb5p7gf+Iu8HliHtadC9+0DiVxqFA9I6OJjcZJ93ZWIrMGf4jpK7TY+45Eg0p3tGT1LxEMueyY0jrQ7zJoUou35W0KjuCJUpO0eVAc/LUFY8NfmLAIHxTK7yZfsItWHSF7ZJopdMXnnGtDjGBABiKHm9egnnK5+RO2NP6UX0GlQQbPugx6fEneEPkP7g69uNLK8TcNLkEyvUXqk/V4CjPDZ5Frestcbgz2kyjVOXsXXD17v7io4YC0tjsZ7KshhxcrahV85IYEdDQuRLnIthCljlREVtrPjo72fFZyoiBZoAJkDZK5mRxWZZnkGeWcHguvYhEx7GcW6yNrxeTrQihAh7m2ygv2sJ7XkT6f53TydvZ+xFxtn3R+Qdfg0dCEtFhikYa8M7KGDkrUG2G5BTHoftsr+Va7MP1NvTSchHpvQ8MRAU8GyCBv44cIZ5m6buuC0+7PUAQFLgEXtcnJXUh7oRXCLpCOG81StkQCLYNn/v70HBVBiydSlVjg5yMg6Uet6t04my4abdQ4PxPpFGGheRRqu5B5gwos6rNYJwGur1CE8UdHuWoSVGkHzgQg2GkXUaKA=
kf9423,웰킵스 KF94 코로나19 미세먼지 황사 방역 마스크 대형 소형 5매 10매 식약처 허가,"16,900원",https://adcr.naver.com/adcr?x=Flgrt9Imzy55+vF57f0yTf///w==k9OWQfokf2iVRTAUKxbGpVZtHdgmPtVJOxR4PpWZQTGM+XeXpJroWIubvMZAzWTXnn2F1FxuQCXrS+gjVIl2ht8N6wi4HwQshid6oyKb5p7gf+Iu8HliHtadC9+0DiVxqFA9I6OJjcZJ93ZWIrMGf4jpK7TY+45Eg0p3tGT1LxEMueyY0jrQ7zJoUou35W0KjuCJUpO0eVAc/LUFY8NfmLAIHxTK7yZfsItWHSF7ZJopdMXnnGtDjGBABiKHm9egnnK5+RO2NP6UX0GlQQbPugx6fEneEPkP7g69uNLK8TcNLkEyvUXqk/V4CjPDZ5Frestcbgz2kyjVOXsXXD17v7io4YC0tjsZ7KshhxcrahV85IYEdDQuRLnIthCljlREVtrPjo72fFZyoiBZoAJkDZK5mRxWZZnkGeWcHguvYhEx7GcW6yNrxeTrQihAh7m2ygv2sJ7XkT6f53TydvZ+xFxtn3R+Qdfg0dCEtFhikYa8M7KGDkrUG2G5BTHoftsr+Va7MP1NvTSchHpvQ8MRAU8GyCBv44cIZ5m6buuC0+7PUAQFLgEXtcnJXUh7oRXCLpCOG81StkQCLYNn/v70HBVBiydSlVjg5yMg6Uet6t04my4abdQ4PxPpFGGheRRqu5B5gwos6rNYJwGur1CE8UdHuWoSVGkHzgQg2GkXUaKA=
kf9424,국산 일월 일반4중필터 kf94 미세먼지 텐탈마스크50매,"1,070원",https://adcr.naver.com/adcr?x=Flgrt9Imzy55+vF57f0yTf///w==k9OWQfokf2iVRTAUKxbGpVZtHdgmPtVJOxR4PpWZQTGM+XeXpJroWIubvMZAzWTXnn2F1FxuQCXrS+gjVIl2ht8N6wi4HwQshid6oyKb5p7gf+Iu8HliHtadC9+0DiVxqFA9I6OJjcZJ93ZWIrMGf4jpK7TY+45Eg0p3tGT1LxEMueyY0jrQ7zJoUou35W0KjuCJUpO0eVAc/LUFY8NfmLAIHxTK7yZfsItWHSF7ZJopdMXnnGtDjGBABiKHm9egnnK5+RO2NP6UX0GlQQbPugx6fEneEPkP7g69uNLK8TcNLkEyvUXqk/V4CjPDZ5Frestcbgz2kyjVOXsXXD17v7io4YC0tjsZ7KshhxcrahV85IYEdDQuRLnIthCljlREVtrPjo72fFZyoiBZoAJkDZK5mRxWZZnkGeWcHguvYhEx7GcW6yNrxeTrQihAh7m2ygv2sJ7XkT6f53TydvZ+xFxtn3R+Qdfg0dCEtFhikYa8M7KGDkrUG2G5BTHoftsr+Va7MP1NvTSchHpvQ8MRAU8GyCBv44cIZ5m6buuC0+7PUAQFLgEXtcnJXUh7oRXCLpCOG81StkQCLYNn/v70HBVBiydSlVjg5yMg6Uet6t04my4abdQ4PxPpFGGheRRqu5B5gwos6rNYJwGur1CE8UdHuWoSVGkHzgQg2GkXUaKA=
kf9425,(기획상품)한번더 마스크필터10매+매직브라이트 황사방역마스크 KF94 2매,"9,900원",https://adcr.naver.com/adcr?x=Flgrt9Imzy55+vF57f0yTf///w==k9OWQfokf2iVRTAUKxbGpVZtHdgmPtVJOxR4PpWZQTGM+XeXpJroWIubvMZAzWTXnn2F1FxuQCXrS+gjVIl2ht8N6wi4HwQshid6oyKb5p7gf+Iu8HliHtadC9+0DiVxqFA9I6OJjcZJ93ZWIrMGf4jpK7TY+45Eg0p3tGT1LxEMueyY0jrQ7zJoUou35W0KjuCJUpO0eVAc/LUFY8NfmLAIHxTK7yZfsItWHSF7ZJopdMXnnGtDjGBABiKHm9egnnK5+RO2NP6UX0GlQQbPugx6fEneEPkP7g69uNLK8TcNLkEyvUXqk/V4CjPDZ5Frestcbgz2kyjVOXsXXD17v7io4YC0tjsZ7KshhxcrahV85IYEdDQuRLnIthCljlREVtrPjo72fFZyoiBZoAJkDZK5mRxWZZnkGeWcHguvYhEx7GcW6yNrxeTrQihAh7m2ygv2sJ7XkT6f53TydvZ+xFxtn3R+Qdfg0dCEtFhikYa8M7KGDkrUG2G5BTHoftsr+Va7MP1NvTSchHpvQ8MRAU8GyCBv44cIZ5m6buuC0+7PUAQFLgEXtcnJXUh7oRXCLpCOG81StkQCLYNn/v70HBVBiydSlVjg5yMg6Uet6t04my4abdQ4PxPpFGGheRRqu5B5gwos6rNYJwGur1CE8UdHuWoSVGkHzgQg2GkXUaKA=
kf9426,탈취 항균 마스크 보관 케이스 파우치 지퍼백 보관함 보관팩 필터 새로이 케어 새로고침 kf94 kf80 1회용 덴탈 일회용,"3,900원",https://adcr.naver.com/adcr?x=Flgrt9Imzy55+vF57f0yTf///w==k9OWQfokf2iVRTAUKxbGpVZtHdgmPtVJOxR4PpWZQTGM+XeXpJroWIubvMZAzWTXnn2F1FxuQCXrS+gjVIl2ht8N6wi4HwQshid6oyKb5p7gf+Iu8HliHtadC9+0DiVxqFA9I6OJjcZJ93ZWIrMGf4jpK7TY+45Eg0p3tGT1LxEMueyY0jrQ7zJoUou35W0KjuCJUpO0eVAc/LUFY8NfmLAIHxTK7yZfsItWHSF7ZJopdMXnnGtDjGBABiKHm9egnnK5+RO2NP6UX0GlQQbPugx6fEneEPkP7g69uNLK8TcNLkEyvUXqk/V4CjPDZ5Frestcbgz2kyjVOXsXXD17v7io4YC0tjsZ7KshhxcrahV85IYEdDQuRLnIthCljlREVtrPjo72fFZyoiBZoAJkDZK5mRxWZZnkGeWcHguvYhEx7GcW6yNrxeTrQihAh7m2ygv2sJ7XkT6f53TydvZ+xFxtn3R+Qdfg0dCEtFhikYa8M7KGDkrUG2G5BTHoftsr+Va7MP1NvTSchHpvQ8MRAU8GyCBv44cIZ5m6buuC0+7PUAQFLgEXtcnJXUh7oRXCLpCOG81StkQCLYNn/v70HBVBiydSlVjg5yMg6Uet6t04my4abdQ4PxPpFGGheRRqu5B5gwos6rNYJwGur1CE8UdHuWoSVGkHzgQg2GkXUaKA=
kf9427,식약처인증 KF94 미세먼지 마스크 모음전,"15,000원",https://adcr.naver.com/adcr?x=Flgrt9Imzy55+vF57f0yTf///w==k9OWQfokf2iVRTAUKxbGpVZtHdgmPtVJOxR4PpWZQTGM+XeXpJroWIubvMZAzWTXnn2F1FxuQCXrS+gjVIl2ht8N6wi4HwQshid6oyKb5p7gf+Iu8HliHtadC9+0DiVxqFA9I6OJjcZJ93ZWIrMGf4jpK7TY+45Eg0p3tGT1LxEMueyY0jrQ7zJoUou35W0KjuCJUpO0eVAc/LUFY8NfmLAIHxTK7yZfsItWHSF7ZJopdMXnnGtDjGBABiKHm9egnnK5+RO2NP6UX0GlQQbPugx6fEneEPkP7g69uNLK8TcNLkEyvUXqk/V4CjPDZ5Frestcbgz2kyjVOXsXXD17v7io4YC0tjsZ7KshhxcrahV85IYEdDQuRLnIthCljlREVtrPjo72fFZyoiBZoAJkDZK5mRxWZZnkGeWcHguvYhEx7GcW6yNrxeTrQihAh7m2ygv2sJ7XkT6f53TydvZ+xFxtn3R+Qdfg0dCEtFhikYa8M7KGDkrUG2G5BTHoftsr+Va7MP1NvTSchHpvQ8MRAU8GyCBv44cIZ5m6buuC0+7PUAQFLgEXtcnJXUh7oRXCLpCOG81StkQCLYNn/v70HBVBiydSlVjg5yMg6Uet6t04my4abdQ4PxPpFGGheRRqu5B5gwos6rNYJwGur1CE8UdHuWoSVGkHzgQg2GkXUaKA=
kf9428,나노섬유필터 kf94마스크 화이트 대헝 10매,"15,000원",https://adcr.naver.com/adcr?x=Flgrt9Imzy55+vF57f0yTf///w==k9OWQfokf2iVRTAUKxbGpVZtHdgmPtVJOxR4PpWZQTGM+XeXpJroWIubvMZAzWTXnn2F1FxuQCXrS+gjVIl2ht8N6wi4HwQshid6oyKb5p7gf+Iu8HliHtadC9+0DiVxqFA9I6OJjcZJ93ZWIrMGf4jpK7TY+45Eg0p3tGT1LxEMueyY0jrQ7zJoUou35W0KjuCJUpO0eVAc/LUFY8NfmLAIHxTK7yZfsItWHSF7ZJopdMXnnGtDjGBABiKHm9egnnK5+RO2NP6UX0GlQQbPugx6fEneEPkP7g69uNLK8TcNLkEyvUXqk/V4CjPDZ5Frestcbgz2kyjVOXsXXD17v7io4YC0tjsZ7KshhxcrahV85IYEdDQuRLnIthCljlREVtrPjo72fFZyoiBZoAJkDZK5mRxWZZnkGeWcHguvYhEx7GcW6yNrxeTrQihAh7m2ygv2sJ7XkT6f53TydvZ+xFxtn3R+Qdfg0dCEtFhikYa8M7KGDkrUG2G5BTHoftsr+Va7MP1NvTSchHpvQ8MRAU8GyCBv44cIZ5m6buuC0+7PUAQFLgEXtcnJXUh7oRXCLpCOG81StkQCLYNn/v70HBVBiydSlVjg5yMg6Uet6t04my4abdQ4PxPpFGGheRRqu5B5gwos6rNYJwGur1CE8UdHuWoSVGkHzgQg2GkXUaKA=
kf9429,더조은 SD 황사방역용 마스크 대형 KF94,"14,500원",https://adcr.naver.com/adcr?x=Flgrt9Imzy55+vF57f0yTf///w==k9OWQfokf2iVRTAUKxbGpVZtHdgmPtVJOxR4PpWZQTGM+XeXpJroWIubvMZAzWTXnn2F1FxuQCXrS+gjVIl2ht8N6wi4HwQshid6oyKb5p7gf+Iu8HliHtadC9+0DiVxqFA9I6OJjcZJ93ZWIrMGf4jpK7TY+45Eg0p3tGT1LxEMueyY0jrQ7zJoUou35W0KjuCJUpO0eVAc/LUFY8NfmLAIHxTK7yZfsItWHSF7ZJopdMXnnGtDjGBABiKHm9egnnK5+RO2NP6UX0GlQQbPugx6fEneEPkP7g69uNLK8TcNLkEyvUXqk/V4CjPDZ5Frestcbgz2kyjVOXsXXD17v7io4YC0tjsZ7KshhxcrahV85IYEdDQuRLnIthCljlREVtrPjo72fFZyoiBZoAJkDZK5mRxWZZnkGeWcHguvYhEx7GcW6yNrxeTrQihAh7m2ygv2sJ7XkT6f53TydvZ+xFxtn3R+Qdfg0dCEtFhikYa8M7KGDkrUG2G5BTHoftsr+Va7MP1NvTSchHpvQ8MRAU8GyCBv44cIZ5m6buuC0+7PUAQFLgEXtcnJXUh7oRXCLpCOG81StkQCLYNn/v70HBVBiydSlVjg5yMg6Uet6t04my4abdQ4PxPpFGGheRRqu5B5gwos6rNYJwGur1CE8UdHuWoSVGkHzgQg2GkXUaKA=
kf9430,일회용 마스크 미세먼지 황사 초미세먼지 어린이 1급방진 KF94 KF80 덴탈 일반 안면,360원,https://adcr.naver.com/adcr?x=Flgrt9Imzy55+vF57f0yTf///w==k9OWQfokf2iVRTAUKxbGpVZtHdgmPtVJOxR4PpWZQTGM+XeXpJroWIubvMZAzWTXnn2F1FxuQCXrS+gjVIl2ht8N6wi4HwQshid6oyKb5p7gf+Iu8HliHtadC9+0DiVxqFA9I6OJjcZJ93ZWIrMGf4jpK7TY+45Eg0p3tGT1LxEMueyY0jrQ7zJoUou35W0KjuCJUpO0eVAc/LUFY8NfmLAIHxTK7yZfsItWHSF7ZJopdMXnnGtDjGBABiKHm9egnnK5+RO2NP6UX0GlQQbPugx6fEneEPkP7g69uNLK8TcNLkEyvUXqk/V4CjPDZ5Frestcbgz2kyjVOXsXXD17v7io4YC0tjsZ7KshhxcrahV85IYEdDQuRLnIthCljlREVtrPjo72fFZyoiBZoAJkDZK5mRxWZZnkGeWcHguvYhEx7GcW6yNrxeTrQihAh7m2ygv2sJ7XkT6f53TydvZ+xFxtn3R+Qdfg0dCEtFhikYa8M7KGDkrUG2G5BTHoftsr+Va7MP1NvTSchHpvQ8MRAU8GyCBv44cIZ5m6buuC0+7PUAQFLgEXtcnJXUh7oRXCLpCOG81StkQCLYNn/v70HBVBiydSlVjg5yMg6Uet6t04my4abdQ4PxPpFGGheRRqu5B5gwos6rNYJwGur1CE8UdHuWoSVGkHzgQg2GkXUaKA=
kf9431,방역마스크 KF94 황사 미세먼지 마스크 5겹 오가닉 배기밸브 마스크,"15,800원",https://adcr.naver.com/adcr?x=Flgrt9Imzy55+vF57f0yTf///w==k9OWQfokf2iVRTAUKxbGpVZtHdgmPtVJOxR4PpWZQTGM+XeXpJroWIubvMZAzWTXnn2F1FxuQCXrS+gjVIl2ht8N6wi4HwQshid6oyKb5p7gf+Iu8HliHtadC9+0DiVxqFA9I6OJjcZJ93ZWIrMGf4jpK7TY+45Eg0p3tGT1LxEMueyY0jrQ7zJoUou35W0KjuCJUpO0eVAc/LUFY8NfmLAIHxTK7yZfsItWHSF7ZJopdMXnnGtDjGBABiKHm9egnnK5+RO2NP6UX0GlQQbPugx6fEneEPkP7g69uNLK8TcNLkEyvUXqk/V4CjPDZ5Frestcbgz2kyjVOXsXXD17v7io4YC0tjsZ7KshhxcrahV85IYEdDQuRLnIthCljlREVtrPjo72fFZyoiBZoAJkDZK5mRxWZZnkGeWcHguvYhEx7GcW6yNrxeTrQihAh7m2ygv2sJ7XkT6f53TydvZ+xFxtn3R+Qdfg0dCEtFhikYa8M7KGDkrUG2G5BTHoftsr+Va7MP1NvTSchHpvQ8MRAU8GyCBv44cIZ5m6buuC0+7PUAQFLgEXtcnJXUh7oRXCLpCOG81StkQCLYNn/v70HBVBiydSlVjg5yMg6Uet6t04my4abdQ4PxPpFGGheRRqu5B5gwos6rNYJwGur1CE8UdHuWoSVGkHzgQg2GkXUaKA=
kf9432,제로베이 KF94 방역 황사 일회용 덴탈마스크 식약처 대형 중형 소형 모음 1매입,"1,690원",https://adcr.naver.com/adcr?x=Flgrt9Imzy55+vF57f0yTf///w==k9OWQfokf2iVRTAUKxbGpVZtHdgmPtVJOxR4PpWZQTGM+XeXpJroWIubvMZAzWTXnn2F1FxuQCXrS+gjVIl2ht8N6wi4HwQshid6oyKb5p7gf+Iu8HliHtadC9+0DiVxqFA9I6OJjcZJ93ZWIrMGf4jpK7TY+45Eg0p3tGT1LxEMueyY0jrQ7zJoUou35W0KjuCJUpO0eVAc/LUFY8NfmLAIHxTK7yZfsItWHSF7ZJopdMXnnGtDjGBABiKHm9egnnK5+RO2NP6UX0GlQQbPugx6fEneEPkP7g69uNLK8TcNLkEyvUXqk/V4CjPDZ5Frestcbgz2kyjVOXsXXD17v7io4YC0tjsZ7KshhxcrahV85IYEdDQuRLnIthCljlREVtrPjo72fFZyoiBZoAJkDZK5mRxWZZnkGeWcHguvYhEx7GcW6yNrxeTrQihAh7m2ygv2sJ7XkT6f53TydvZ+xFxtn3R+Qdfg0dCEtFhikYa8M7KGDkrUG2G5BTHoftsr+Va7MP1NvTSchHpvQ8MRAU8GyCBv44cIZ5m6buuC0+7PUAQFLgEXtcnJXUh7oRXCLpCOG81StkQCLYNn/v70HBVBiydSlVjg5yMg6Uet6t04my4abdQ4PxPpFGGheRRqu5B5gwos6rNYJwGur1CE8UdHuWoSVGkHzgQg2GkXUaKA=
kf9433,웰킵스 스마트 황사 방역용 국산 식약청 KF94 마스크 소형 개별포장 5매,"15,000원",https://adcr.naver.com/adcr?x=Flgrt9Imzy55+vF57f0yTf///w==k9OWQfokf2iVRTAUKxbGpVZtHdgmPtVJOxR4PpWZQTGM+XeXpJroWIubvMZAzWTXnn2F1FxuQCXrS+gjVIl2ht8N6wi4HwQshid6oyKb5p7gf+Iu8HliHtadC9+0DiVxqFA9I6OJjcZJ93ZWIrMGf4jpK7TY+45Eg0p3tGT1LxEMueyY0jrQ7zJoUou35W0KjuCJUpO0eVAc/LUFY8NfmLAIHxTK7yZfsItWHSF7ZJopdMXnnGtDjGBABiKHm9egnnK5+RO2NP6UX0GlQQbPugx6fEneEPkP7g69uNLK8TcNLkEyvUXqk/V4CjPDZ5Frestcbgz2kyjVOXsXXD17v7io4YC0tjsZ7KshhxcrahV85IYEdDQuRLnIthCljlREVtrPjo72fFZyoiBZoAJkDZK5mRxWZZnkGeWcHguvYhEx7GcW6yNrxeTrQihAh7m2ygv2sJ7XkT6f53TydvZ+xFxtn3R+Qdfg0dCEtFhikYa8M7KGDkrUG2G5BTHoftsr+Va7MP1NvTSchHpvQ8MRAU8GyCBv44cIZ5m6buuC0+7PUAQFLgEXtcnJXUh7oRXCLpCOG81StkQCLYNn/v70HBVBiydSlVjg5yMg6Uet6t04my4abdQ4PxPpFGGheRRqu5B5gwos6rNYJwGur1CE8UdHuWoSVGkHzgQg2GkXUaKA=
kf9434,5개 국산 아동용 KF94 어린이 일회용마스크 방한 미세먼지 소형 어린이,"14,500원",https://adcr.naver.com/adcr?x=Flgrt9Imzy55+vF57f0yTf///w==k9OWQfokf2iVRTAUKxbGpVZtHdgmPtVJOxR4PpWZQTGM+XeXpJroWIubvMZAzWTXnn2F1FxuQCXrS+gjVIl2ht8N6wi4HwQshid6oyKb5p7gf+Iu8HliHtadC9+0DiVxqFA9I6OJjcZJ93ZWIrMGf4jpK7TY+45Eg0p3tGT1LxEMueyY0jrQ7zJoUou35W0KjuCJUpO0eVAc/LUFY8NfmLAIHxTK7yZfsItWHSF7ZJopdMXnnGtDjGBABiKHm9egnnK5+RO2NP6UX0GlQQbPugx6fEneEPkP7g69uNLK8TcNLkEyvUXqk/V4CjPDZ5Frestcbgz2kyjVOXsXXD17v7io4YC0tjsZ7KshhxcrahV85IYEdDQuRLnIthCljlREVtrPjo72fFZyoiBZoAJkDZK5mRxWZZnkGeWcHguvYhEx7GcW6yNrxeTrQihAh7m2ygv2sJ7XkT6f53TydvZ+xFxtn3R+Qdfg0dCEtFhikYa8M7KGDkrUG2G5BTHoftsr+Va7MP1NvTSchHpvQ8MRAU8GyCBv44cIZ5m6buuC0+7PUAQFLgEXtcnJXUh7oRXCLpCOG81StkQCLYNn/v70HBVBiydSlVjg5yMg6Uet6t04my4abdQ4PxPpFGGheRRqu5B5gwos6rNYJwGur1CE8UdHuWoSVGkHzgQg2GkXUaKA=
kf9435,[웰킵스] KF94 마스크 웰킵스 스마트 황사방역 미세먼지차단 개별포장 4중필터 5매입,"12,000원",https://adcr.naver.com/adcr?x=Flgrt9Imzy55+vF57f0yTf///w==k9OWQfokf2iVRTAUKxbGpVZtHdgmPtVJOxR4PpWZQTGM+XeXpJroWIubvMZAzWTXnn2F1FxuQCXrS+gjVIl2ht8N6wi4HwQshid6oyKb5p7gf+Iu8HliHtadC9+0DiVxqFA9I6OJjcZJ93ZWIrMGf4jpK7TY+45Eg0p3tGT1LxEMueyY0jrQ7zJoUou35W0KjuCJUpO0eVAc/LUFY8NfmLAIHxTK7yZfsItWHSF7ZJopdMXnnGtDjGBABiKHm9egnnK5+RO2NP6UX0GlQQbPugx6fEneEPkP7g69uNLK8TcNLkEyvUXqk/V4CjPDZ5Frestcbgz2kyjVOXsXXD17v7io4YC0tjsZ7KshhxcrahV85IYEdDQuRLnIthCljlREVtrPjo72fFZyoiBZoAJkDZK5mRxWZZnkGeWcHguvYhEx7GcW6yNrxeTrQihAh7m2ygv2sJ7XkT6f53TydvZ+xFxtn3R+Qdfg0dCEtFhikYa8M7KGDkrUG2G5BTHoftsr+Va7MP1NvTSchHpvQ8MRAU8GyCBv44cIZ5m6buuC0+7PUAQFLgEXtcnJXUh7oRXCLpCOG81StkQCLYNn/v70HBVBiydSlVjg5yMg6Uet6t04my4abdQ4PxPpFGGheRRqu5B5gwos6rNYJwGur1CE8UdHuWoSVGkHzgQg2GkXUaKA=
kf9436,마스크 필터 원단 KF94이상 수준(99-92%효율)정전기 필터(헤파필터 3종),"24,000원",https://adcr.naver.com/adcr?x=Flgrt9Imzy55+vF57f0yTf///w==k9OWQfokf2iVRTAUKxbGpVZtHdgmPtVJOxR4PpWZQTGM+XeXpJroWIubvMZAzWTXnn2F1FxuQCXrS+gjVIl2ht8N6wi4HwQshid6oyKb5p7gf+Iu8HliHtadC9+0DiVxqFA9I6OJjcZJ93ZWIrMGf4jpK7TY+45Eg0p3tGT1LxEMueyY0jrQ7zJoUou35W0KjuCJUpO0eVAc/LUFY8NfmLAIHxTK7yZfsItWHSF7ZJopdMXnnGtDjGBABiKHm9egnnK5+RO2NP6UX0GlQQbPugx6fEneEPkP7g69uNLK8TcNLkEyvUXqk/V4CjPDZ5Frestcbgz2kyjVOXsXXD17v7io4YC0tjsZ7KshhxcrahV85IYEdDQuRLnIthCljlREVtrPjo72fFZyoiBZoAJkDZK5mRxWZZnkGeWcHguvYhEx7GcW6yNrxeTrQihAh7m2ygv2sJ7XkT6f53TydvZ+xFxtn3R+Qdfg0dCEtFhikYa8M7KGDkrUG2G5BTHoftsr+Va7MP1NvTSchHpvQ8MRAU8GyCBv44cIZ5m6buuC0+7PUAQFLgEXtcnJXUh7oRXCLpCOG81StkQCLYNn/v70HBVBiydSlVjg5yMg6Uet6t04my4abdQ4PxPpFGGheRRqu5B5gwos6rNYJwGur1CE8UdHuWoSVGkHzgQg2GkXUaKA=
kf9437,미세먼지 마스크 KF94 개별포장 웰킵스 대형 소형 / 3중 필터 일회용 덴탈마스크,960원,https://adcr.naver.com/adcr?x=Flgrt9Imzy55+vF57f0yTf///w==k9OWQfokf2iVRTAUKxbGpVZtHdgmPtVJOxR4PpWZQTGM+XeXpJroWIubvMZAzWTXnn2F1FxuQCXrS+gjVIl2ht8N6wi4HwQshid6oyKb5p7gf+Iu8HliHtadC9+0DiVxqFA9I6OJjcZJ93ZWIrMGf4jpK7TY+45Eg0p3tGT1LxEMueyY0jrQ7zJoUou35W0KjuCJUpO0eVAc/LUFY8NfmLAIHxTK7yZfsItWHSF7ZJopdMXnnGtDjGBABiKHm9egnnK5+RO2NP6UX0GlQQbPugx6fEneEPkP7g69uNLK8TcNLkEyvUXqk/V4CjPDZ5Frestcbgz2kyjVOXsXXD17v7io4YC0tjsZ7KshhxcrahV85IYEdDQuRLnIthCljlREVtrPjo72fFZyoiBZoAJkDZK5mRxWZZnkGeWcHguvYhEx7GcW6yNrxeTrQihAh7m2ygv2sJ7XkT6f53TydvZ+xFxtn3R+Qdfg0dCEtFhikYa8M7KGDkrUG2G5BTHoftsr+Va7MP1NvTSchHpvQ8MRAU8GyCBv44cIZ5m6buuC0+7PUAQFLgEXtcnJXUh7oRXCLpCOG81StkQCLYNn/v70HBVBiydSlVjg5yMg6Uet6t04my4abdQ4PxPpFGGheRRqu5B5gwos6rNYJwGur1CE8UdHuWoSVGkHzgQg2GkXUaKA=
kf9438,마스크 보관함 케이스 대형 소형 새로이 마스크 보관 새로고침 kf94 kf80,"4,900원",https://adcr.naver.com/adcr?x=Flgrt9Imzy55+vF57f0yTf///w==k9OWQfokf2iVRTAUKxbGpVZtHdgmPtVJOxR4PpWZQTGM+XeXpJroWIubvMZAzWTXnn2F1FxuQCXrS+gjVIl2ht8N6wi4HwQshid6oyKb5p7gf+Iu8HliHtadC9+0DiVxqFA9I6OJjcZJ93ZWIrMGf4jpK7TY+45Eg0p3tGT1LxEMueyY0jrQ7zJoUou35W0KjuCJUpO0eVAc/LUFY8NfmLAIHxTK7yZfsItWHSF7ZJopdMXnnGtDjGBABiKHm9egnnK5+RO2NP6UX0GlQQbPugx6fEneEPkP7g69uNLK8TcNLkEyvUXqk/V4CjPDZ5Frestcbgz2kyjVOXsXXD17v7io4YC0tjsZ7KshhxcrahV85IYEdDQuRLnIthCljlREVtrPjo72fFZyoiBZoAJkDZK5mRxWZZnkGeWcHguvYhEx7GcW6yNrxeTrQihAh7m2ygv2sJ7XkT6f53TydvZ+xFxtn3R+Qdfg0dCEtFhikYa8M7KGDkrUG2G5BTHoftsr+Va7MP1NvTSchHpvQ8MRAU8GyCBv44cIZ5m6buuC0+7PUAQFLgEXtcnJXUh7oRXCLpCOG81StkQCLYNn/v70HBVBiydSlVjg5yMg6Uet6t04my4abdQ4PxPpFGGheRRqu5B5gwos6rNYJwGur1CE8UdHuWoSVGkHzgQg2GkXUaKA=
kf9439,KF94 미세먼지 다마거 마스크,"15,800원",https://adcr.naver.com/adcr?x=Flgrt9Imzy55+vF57f0yTf///w==k9OWQfokf2iVRTAUKxbGpVZtHdgmPtVJOxR4PpWZQTGM+XeXpJroWIubvMZAzWTXnn2F1FxuQCXrS+gjVIl2ht8N6wi4HwQshid6oyKb5p7gf+Iu8HliHtadC9+0DiVxqFA9I6OJjcZJ93ZWIrMGf4jpK7TY+45Eg0p3tGT1LxEMueyY0jrQ7zJoUou35W0KjuCJUpO0eVAc/LUFY8NfmLAIHxTK7yZfsItWHSF7ZJopdMXnnGtDjGBABiKHm9egnnK5+RO2NP6UX0GlQQbPugx6fEneEPkP7g69uNLK8TcNLkEyvUXqk/V4CjPDZ5Frestcbgz2kyjVOXsXXD17v7io4YC0tjsZ7KshhxcrahV85IYEdDQuRLnIthCljlREVtrPjo72fFZyoiBZoAJkDZK5mRxWZZnkGeWcHguvYhEx7GcW6yNrxeTrQihAh7m2ygv2sJ7XkT6f53TydvZ+xFxtn3R+Qdfg0dCEtFhikYa8M7KGDkrUG2G5BTHoftsr+Va7MP1NvTSchHpvQ8MRAU8GyCBv44cIZ5m6buuC0+7PUAQFLgEXtcnJXUh7oRXCLpCOG81StkQCLYNn/v70HBVBiydSlVjg5yMg6Uet6t04my4abdQ4PxPpFGGheRRqu5B5gwos6rNYJwGur1CE8UdHuWoSVGkHzgQg2GkXUaKA=
kf9440,[마리오몰][휴스톰]휴스톰 퓨어클린 황사미세먼지마스크 KF94 2019년형 성인용/유아용,"6,380원",https://adcr.naver.com/adcr?x=Flgrt9Imzy55+vF57f0yTf///w==k9OWQfokf2iVRTAUKxbGpVZtHdgmPtVJOxR4PpWZQTGM+XeXpJroWIubvMZAzWTXnn2F1FxuQCXrS+gjVIl2ht8N6wi4HwQshid6oyKb5p7gf+Iu8HliHtadC9+0DiVxqFA9I6OJjcZJ93ZWIrMGf4jpK7TY+45Eg0p3tGT1LxEMueyY0jrQ7zJoUou35W0KjuCJUpO0eVAc/LUFY8NfmLAIHxTK7yZfsItWHSF7ZJopdMXnnGtDjGBABiKHm9egnnK5+RO2NP6UX0GlQQbPugx6fEneEPkP7g69uNLK8TcNLkEyvUXqk/V4CjPDZ5Frestcbgz2kyjVOXsXXD17v7io4YC0tjsZ7KshhxcrahV85IYEdDQuRLnIthCljlREVtrPjo72fFZyoiBZoAJkDZK5mRxWZZnkGeWcHguvYhEx7GcW6yNrxeTrQihAh7m2ygv2sJ7XkT6f53TydvZ+xFxtn3R+Qdfg0dCEtFhikYa8M7KGDkrUG2G5BTHoftsr+Va7MP1NvTSchHpvQ8MRAU8GyCBv44cIZ5m6buuC0+7PUAQFLgEXtcnJXUh7oRXCLpCOG81StkQCLYNn/v70HBVBiydSlVjg5yMg6Uet6t04my4abdQ4PxPpFGGheRRqu5B5gwos6rNYJwGur1CE8UdHuWoSVGkHzgQg2GkXUaKA=
kf9441,국산 일월 일반4중필터 kf94 미세먼지 텐탈마스크50매,"1,060원",https://adcr.naver.com/adcr?x=Flgrt9Imzy55+vF57f0yTf///w==k9OWQfokf2iVRTAUKxbGpVZtHdgmPtVJOxR4PpWZQTGM+XeXpJroWIubvMZAzWTXnn2F1FxuQCXrS+gjVIl2ht8N6wi4HwQshid6oyKb5p7gf+Iu8HliHtadC9+0DiVxqFA9I6OJjcZJ93ZWIrMGf4jpK7TY+45Eg0p3tGT1LxEMueyY0jrQ7zJoUou35W0KjuCJUpO0eVAc/LUFY8NfmLAIHxTK7yZfsItWHSF7ZJopdMXnnGtDjGBABiKHm9egnnK5+RO2NP6UX0GlQQbPugx6fEneEPkP7g69uNLK8TcNLkEyvUXqk/V4CjPDZ5Frestcbgz2kyjVOXsXXD17v7io4YC0tjsZ7KshhxcrahV85IYEdDQuRLnIthCljlREVtrPjo72fFZyoiBZoAJkDZK5mRxWZZnkGeWcHguvYhEx7GcW6yNrxeTrQihAh7m2ygv2sJ7XkT6f53TydvZ+xFxtn3R+Qdfg0dCEtFhikYa8M7KGDkrUG2G5BTHoftsr+Va7MP1NvTSchHpvQ8MRAU8GyCBv44cIZ5m6buuC0+7PUAQFLgEXtcnJXUh7oRXCLpCOG81StkQCLYNn/v70HBVBiydSlVjg5yMg6Uet6t04my4abdQ4PxPpFGGheRRqu5B5gwos6rNYJwGur1CE8UdHuWoSVGkHzgQg2GkXUaKA=
kf9442,KF94 마스크 식약처인증 황사 방역 마스크 대형 1매 휴안청플러스,"1,800원",https://adcr.naver.com/adcr?x=Flgrt9Imzy55+vF57f0yTf///w==k9OWQfokf2iVRTAUKxbGpVZtHdgmPtVJOxR4PpWZQTGM+XeXpJroWIubvMZAzWTXnn2F1FxuQCXrS+gjVIl2ht8N6wi4HwQshid6oyKb5p7gf+Iu8HliHtadC9+0DiVxqFA9I6OJjcZJ93ZWIrMGf4jpK7TY+45Eg0p3tGT1LxEMueyY0jrQ7zJoUou35W0KjuCJUpO0eVAc/LUFY8NfmLAIHxTK7yZfsItWHSF7ZJopdMXnnGtDjGBABiKHm9egnnK5+RO2NP6UX0GlQQbPugx6fEneEPkP7g69uNLK8TcNLkEyvUXqk/V4CjPDZ5Frestcbgz2kyjVOXsXXD17v7io4YC0tjsZ7KshhxcrahV85IYEdDQuRLnIthCljlREVtrPjo72fFZyoiBZoAJkDZK5mRxWZZnkGeWcHguvYhEx7GcW6yNrxeTrQihAh7m2ygv2sJ7XkT6f53TydvZ+xFxtn3R+Qdfg0dCEtFhikYa8M7KGDkrUG2G5BTHoftsr+Va7MP1NvTSchHpvQ8MRAU8GyCBv44cIZ5m6buuC0+7PUAQFLgEXtcnJXUh7oRXCLpCOG81StkQCLYNn/v70HBVBiydSlVjg5yMg6Uet6t04my4abdQ4PxPpFGGheRRqu5B5gwos6rNYJwGur1CE8UdHuWoSVGkHzgQg2GkXUaKA=
kf9443,크리넥스 버블핸드워시 상큼 250mlx2개 손세정제 [무료배송] 크리넥스 KF94 KF80마스크 손소독제 모음전 황사 미세먼지,"11,550원",https://adcr.naver.com/adcr?x=Flgrt9Imzy55+vF57f0yTf///w==k9OWQfokf2iVRTAUKxbGpVZtHdgmPtVJOxR4PpWZQTGM+XeXpJroWIubvMZAzWTXnn2F1FxuQCXrS+gjVIl2ht8N6wi4HwQshid6oyKb5p7gf+Iu8HliHtadC9+0DiVxqFA9I6OJjcZJ93ZWIrMGf4jpK7TY+45Eg0p3tGT1LxEMueyY0jrQ7zJoUou35W0KjuCJUpO0eVAc/LUFY8NfmLAIHxTK7yZfsItWHSF7ZJopdMXnnGtDjGBABiKHm9egnnK5+RO2NP6UX0GlQQbPugx6fEneEPkP7g69uNLK8TcNLkEyvUXqk/V4CjPDZ5Frestcbgz2kyjVOXsXXD17v7io4YC0tjsZ7KshhxcrahV85IYEdDQuRLnIthCljlREVtrPjo72fFZyoiBZoAJkDZK5mRxWZZnkGeWcHguvYhEx7GcW6yNrxeTrQihAh7m2ygv2sJ7XkT6f53TydvZ+xFxtn3R+Qdfg0dCEtFhikYa8M7KGDkrUG2G5BTHoftsr+Va7MP1NvTSchHpvQ8MRAU8GyCBv44cIZ5m6buuC0+7PUAQFLgEXtcnJXUh7oRXCLpCOG81StkQCLYNn/v70HBVBiydSlVjg5yMg6Uet6t04my4abdQ4PxPpFGGheRRqu5B5gwos6rNYJwGur1CE8UdHuWoSVGkHzgQg2GkXUaKA=
kf9444,국산 KF94마스크 100매-코로나 미세먼지 황사 일회용,"192,890원",https://adcr.naver.com/adcr?x=Flgrt9Imzy55+vF57f0yTf///w==k9OWQfokf2iVRTAUKxbGpVZtHdgmPtVJOxR4PpWZQTGM+XeXpJroWIubvMZAzWTXnn2F1FxuQCXrS+gjVIl2ht8N6wi4HwQshid6oyKb5p7gf+Iu8HliHtadC9+0DiVxqFA9I6OJjcZJ93ZWIrMGf4jpK7TY+45Eg0p3tGT1LxEMueyY0jrQ7zJoUou35W0KjuCJUpO0eVAc/LUFY8NfmLAIHxTK7yZfsItWHSF7ZJopdMXnnGtDjGBABiKHm9egnnK5+RO2NP6UX0GlQQbPugx6fEneEPkP7g69uNLK8TcNLkEyvUXqk/V4CjPDZ5Frestcbgz2kyjVOXsXXD17v7io4YC0tjsZ7KshhxcrahV85IYEdDQuRLnIthCljlREVtrPjo72fFZyoiBZoAJkDZK5mRxWZZnkGeWcHguvYhEx7GcW6yNrxeTrQihAh7m2ygv2sJ7XkT6f53TydvZ+xFxtn3R+Qdfg0dCEtFhikYa8M7KGDkrUG2G5BTHoftsr+Va7MP1NvTSchHpvQ8MRAU8GyCBv44cIZ5m6buuC0+7PUAQFLgEXtcnJXUh7oRXCLpCOG81StkQCLYNn/v70HBVBiydSlVjg5yMg6Uet6t04my4abdQ4PxPpFGGheRRqu5B5gwos6rNYJwGur1CE8UdHuWoSVGkHzgQg2GkXUaKA=
kf9445,KF94 마스크 참조은 대형 화이트 100매-기업용/단체용/관공서/국산 황사마스크/미세먼지,"199,000원",https://adcr.naver.com/adcr?x=Flgrt9Imzy55+vF57f0yTf///w==k9OWQfokf2iVRTAUKxbGpVZtHdgmPtVJOxR4PpWZQTGM+XeXpJroWIubvMZAzWTXnn2F1FxuQCXrS+gjVIl2ht8N6wi4HwQshid6oyKb5p7gf+Iu8HliHtadC9+0DiVxqFA9I6OJjcZJ93ZWIrMGf4jpK7TY+45Eg0p3tGT1LxEMueyY0jrQ7zJoUou35W0KjuCJUpO0eVAc/LUFY8NfmLAIHxTK7yZfsItWHSF7ZJopdMXnnGtDjGBABiKHm9egnnK5+RO2NP6UX0GlQQbPugx6fEneEPkP7g69uNLK8TcNLkEyvUXqk/V4CjPDZ5Frestcbgz2kyjVOXsXXD17v7io4YC0tjsZ7KshhxcrahV85IYEdDQuRLnIthCljlREVtrPjo72fFZyoiBZoAJkDZK5mRxWZZnkGeWcHguvYhEx7GcW6yNrxeTrQihAh7m2ygv2sJ7XkT6f53TydvZ+xFxtn3R+Qdfg0dCEtFhikYa8M7KGDkrUG2G5BTHoftsr+Va7MP1NvTSchHpvQ8MRAU8GyCBv44cIZ5m6buuC0+7PUAQFLgEXtcnJXUh7oRXCLpCOG81StkQCLYNn/v70HBVBiydSlVjg5yMg6Uet6t04my4abdQ4PxPpFGGheRRqu5B5gwos6rNYJwGur1CE8UdHuWoSVGkHzgQg2GkXUaKA=
kf9446,KF94 대형마스크 색상/브랜드 랜덤발송 10매,"20,000원",https://adcr.naver.com/adcr?x=Flgrt9Imzy55+vF57f0yTf///w==k9OWQfokf2iVRTAUKxbGpVZtHdgmPtVJOxR4PpWZQTGM+XeXpJroWIubvMZAzWTXnn2F1FxuQCXrS+gjVIl2ht8N6wi4HwQshid6oyKb5p7gf+Iu8HliHtadC9+0DiVxqFA9I6OJjcZJ93ZWIrMGf4jpK7TY+45Eg0p3tGT1LxEMueyY0jrQ7zJoUou35W0KjuCJUpO0eVAc/LUFY8NfmLAIHxTK7yZfsItWHSF7ZJopdMXnnGtDjGBABiKHm9egnnK5+RO2NP6UX0GlQQbPugx6fEneEPkP7g69uNLK8TcNLkEyvUXqk/V4CjPDZ5Frestcbgz2kyjVOXsXXD17v7io4YC0tjsZ7KshhxcrahV85IYEdDQuRLnIthCljlREVtrPjo72fFZyoiBZoAJkDZK5mRxWZZnkGeWcHguvYhEx7GcW6yNrxeTrQihAh7m2ygv2sJ7XkT6f53TydvZ+xFxtn3R+Qdfg0dCEtFhikYa8M7KGDkrUG2G5BTHoftsr+Va7MP1NvTSchHpvQ8MRAU8GyCBv44cIZ5m6buuC0+7PUAQFLgEXtcnJXUh7oRXCLpCOG81StkQCLYNn/v70HBVBiydSlVjg5yMg6Uet6t04my4abdQ4PxPpFGGheRRqu5B5gwos6rNYJwGur1CE8UdHuWoSVGkHzgQg2GkXUaKA=
kf9447,KF94 마스크 긴급공수 코로나19 프리데이 대형 10매입,"32,200원",https://adcr.naver.com/adcr?x=Flgrt9Imzy55+vF57f0yTf///w==k9OWQfokf2iVRTAUKxbGpVZtHdgmPtVJOxR4PpWZQTGM+XeXpJroWIubvMZAzWTXnn2F1FxuQCXrS+gjVIl2ht8N6wi4HwQshid6oyKb5p7gf+Iu8HliHtadC9+0DiVxqFA9I6OJjcZJ93ZWIrMGf4jpK7TY+45Eg0p3tGT1LxEMueyY0jrQ7zJoUou35W0KjuCJUpO0eVAc/LUFY8NfmLAIHxTK7yZfsItWHSF7ZJopdMXnnGtDjGBABiKHm9egnnK5+RO2NP6UX0GlQQbPugx6fEneEPkP7g69uNLK8TcNLkEyvUXqk/V4CjPDZ5Frestcbgz2kyjVOXsXXD17v7io4YC0tjsZ7KshhxcrahV85IYEdDQuRLnIthCljlREVtrPjo72fFZyoiBZoAJkDZK5mRxWZZnkGeWcHguvYhEx7GcW6yNrxeTrQihAh7m2ygv2sJ7XkT6f53TydvZ+xFxtn3R+Qdfg0dCEtFhikYa8M7KGDkrUG2G5BTHoftsr+Va7MP1NvTSchHpvQ8MRAU8GyCBv44cIZ5m6buuC0+7PUAQFLgEXtcnJXUh7oRXCLpCOG81StkQCLYNn/v70HBVBiydSlVjg5yMg6Uet6t04my4abdQ4PxPpFGGheRRqu5B5gwos6rNYJwGur1CE8UdHuWoSVGkHzgQg2GkXUaKA=
kf9448,(당일발송) 도부 KF94 중형 초 미세먼지 황사 마스크,"2,230원",https://adcr.naver.com/adcr?x=Flgrt9Imzy55+vF57f0yTf///w==k9OWQfokf2iVRTAUKxbGpVZtHdgmPtVJOxR4PpWZQTGM+XeXpJroWIubvMZAzWTXnn2F1FxuQCXrS+gjVIl2ht8N6wi4HwQshid6oyKb5p7gf+Iu8HliHtadC9+0DiVxqFA9I6OJjcZJ93ZWIrMGf4jpK7TY+45Eg0p3tGT1LxEMueyY0jrQ7zJoUou35W0KjuCJUpO0eVAc/LUFY8NfmLAIHxTK7yZfsItWHSF7ZJopdMXnnGtDjGBABiKHm9egnnK5+RO2NP6UX0GlQQbPugx6fEneEPkP7g69uNLK8TcNLkEyvUXqk/V4CjPDZ5Frestcbgz2kyjVOXsXXD17v7io4YC0tjsZ7KshhxcrahV85IYEdDQuRLnIthCljlREVtrPjo72fFZyoiBZoAJkDZK5mRxWZZnkGeWcHguvYhEx7GcW6yNrxeTrQihAh7m2ygv2sJ7XkT6f53TydvZ+xFxtn3R+Qdfg0dCEtFhikYa8M7KGDkrUG2G5BTHoftsr+Va7MP1NvTSchHpvQ8MRAU8GyCBv44cIZ5m6buuC0+7PUAQFLgEXtcnJXUh7oRXCLpCOG81StkQCLYNn/v70HBVBiydSlVjg5yMg6Uet6t04my4abdQ4PxPpFGGheRRqu5B5gwos6rNYJwGur1CE8UdHuWoSVGkHzgQg2GkXUaKA=
