손소독제1,1+1 손소독제 500ml 150ml 손소독젤,"9,900원",https://adcr.naver.com/adcr?x=I+NaBPfHhZX7NAtlT4YXn////w==kJQo1LmdKmkEo6RJe5qpcKIcLA35PS0zWfUI3m1prkTRhoxSMNWvjULIkhxRVc3g0A/I4UnM15i8FKJ5rtPGT4ebJtd+9t2dy5o6cGo90RbpBxHUTDD9i47HqDrVuoMIpnODRjWjpm1XZladjf9k3ph12F7fCXgx0e3yDYTqDZVyBDVSRJncyLA9dUvOVjKK3feKab0ZdJyzkw4eCIYA50ONO+hGFInrYlII5TY31A4FGWCr33RC7B0G/E/W10GB+VC1Wdc76SKfaQ6LFz307SNi7H/nUVNpCWUSrUpm3G26+4Qv2S+azLHZluJzyMi3vk9oqJBIVZLYTmFw7YazI8DOk7uFejTeJ8BNZvCvMDt1bRlmYIUOPb37gQsMxUnIi0eEaLxd0kqqrUQlVohHes8E4Mi4/R4wXEJLIl9pOhQ0Vz/+aRopPf7KBwx5ZbwCLzAT88GbqXvT4TuRUMwjyIxORP5KY1DagViNCSUO9XHu5/p3HziyoKxuF8Br+fBWpIsxdICq+bsQ7i/nZtcysrrbzZcLVBCuE0JM+0bxqoFAB+Hp85EyNtq8bg74UJwsO+gpheEQvbt0L7Ocedyrz+cy2BNzl1KUYtAQcOZ6IHn+FzCcjtzHOv8xIggN0FW7A9OVRY6C6eowR3NcXnSBEi9QtwqyR5ya1dDwofGHpQWHujFiqWkvaTFefdFg3aSD7ksuCgfqA8S3T3P3Usf9WKrdcN4xMZpM0J0g4cZdAEJ0=
손소독제2,세균아 꼼짝마 손소독제/핸드워시/소독티슈,"10,900원",https://adcr.naver.com/adcr?x=I+NaBPfHhZX7NAtlT4YXn////w==kJQo1LmdKmkEo6RJe5qpcKIcLA35PS0zWfUI3m1prkTRhoxSMNWvjULIkhxRVc3g0A/I4UnM15i8FKJ5rtPGT4ebJtd+9t2dy5o6cGo90RbpBxHUTDD9i47HqDrVuoMIpnODRjWjpm1XZladjf9k3ph12F7fCXgx0e3yDYTqDZVyBDVSRJncyLA9dUvOVjKK3feKab0ZdJyzkw4eCIYA50ONO+hGFInrYlII5TY31A4FGWCr33RC7B0G/E/W10GB+VC1Wdc76SKfaQ6LFz307SNi7H/nUVNpCWUSrUpm3G26+4Qv2S+azLHZluJzyMi3vk9oqJBIVZLYTmFw7YazI8DOk7uFejTeJ8BNZvCvMDt1bRlmYIUOPb37gQsMxUnIi0eEaLxd0kqqrUQlVohHes8E4Mi4/R4wXEJLIl9pOhQ0Vz/+aRopPf7KBwx5ZbwCLzAT88GbqXvT4TuRUMwjyIxORP5KY1DagViNCSUO9XHu5/p3HziyoKxuF8Br+fBWpIsxdICq+bsQ7i/nZtcysrrbzZcLVBCuE0JM+0bxqoFAB+Hp85EyNtq8bg74UJwsO+gpheEQvbt0L7Ocedyrz+cy2BNzl1KUYtAQcOZ6IHn+FzCcjtzHOv8xIggN0FW7A9OVRY6C6eowR3NcXnSBEi9QtwqyR5ya1dDwofGHpQWHujFiqWkvaTFefdFg3aSD7ksuCgfqA8S3T3P3Usf9WKrdcN4xMZpM0J0g4cZdAEJ0=
손소독제3,식약처 휴대용손소독제 젤 겔 100ml 1+1,"3,000원",https://adcr.naver.com/adcr?x=I+NaBPfHhZX7NAtlT4YXn////w==kJQo1LmdKmkEo6RJe5qpcKIcLA35PS0zWfUI3m1prkTRhoxSMNWvjULIkhxRVc3g0A/I4UnM15i8FKJ5rtPGT4ebJtd+9t2dy5o6cGo90RbpBxHUTDD9i47HqDrVuoMIpnODRjWjpm1XZladjf9k3ph12F7fCXgx0e3yDYTqDZVyBDVSRJncyLA9dUvOVjKK3feKab0ZdJyzkw4eCIYA50ONO+hGFInrYlII5TY31A4FGWCr33RC7B0G/E/W10GB+VC1Wdc76SKfaQ6LFz307SNi7H/nUVNpCWUSrUpm3G26+4Qv2S+azLHZluJzyMi3vk9oqJBIVZLYTmFw7YazI8DOk7uFejTeJ8BNZvCvMDt1bRlmYIUOPb37gQsMxUnIi0eEaLxd0kqqrUQlVohHes8E4Mi4/R4wXEJLIl9pOhQ0Vz/+aRopPf7KBwx5ZbwCLzAT88GbqXvT4TuRUMwjyIxORP5KY1DagViNCSUO9XHu5/p3HziyoKxuF8Br+fBWpIsxdICq+bsQ7i/nZtcysrrbzZcLVBCuE0JM+0bxqoFAB+Hp85EyNtq8bg74UJwsO+gpheEQvbt0L7Ocedyrz+cy2BNzl1KUYtAQcOZ6IHn+FzCcjtzHOv8xIggN0FW7A9OVRY6C6eowR3NcXnSBEi9QtwqyR5ya1dDwofGHpQWHujFiqWkvaTFefdFg3aSD7ksuCgfqA8S3T3P3Usf9WKrdcN4xMZpM0J0g4cZdAEJ0=
손소독제4,손소독제 3M 새니타이저 9270 70% 500ml,"10,000원",https://adcr.naver.com/adcr?x=I+NaBPfHhZX7NAtlT4YXn////w==kJQo1LmdKmkEo6RJe5qpcKIcLA35PS0zWfUI3m1prkTRhoxSMNWvjULIkhxRVc3g0A/I4UnM15i8FKJ5rtPGT4ebJtd+9t2dy5o6cGo90RbpBxHUTDD9i47HqDrVuoMIpnODRjWjpm1XZladjf9k3ph12F7fCXgx0e3yDYTqDZVyBDVSRJncyLA9dUvOVjKK3feKab0ZdJyzkw4eCIYA50ONO+hGFInrYlII5TY31A4FGWCr33RC7B0G/E/W10GB+VC1Wdc76SKfaQ6LFz307SNi7H/nUVNpCWUSrUpm3G26+4Qv2S+azLHZluJzyMi3vk9oqJBIVZLYTmFw7YazI8DOk7uFejTeJ8BNZvCvMDt1bRlmYIUOPb37gQsMxUnIi0eEaLxd0kqqrUQlVohHes8E4Mi4/R4wXEJLIl9pOhQ0Vz/+aRopPf7KBwx5ZbwCLzAT88GbqXvT4TuRUMwjyIxORP5KY1DagViNCSUO9XHu5/p3HziyoKxuF8Br+fBWpIsxdICq+bsQ7i/nZtcysrrbzZcLVBCuE0JM+0bxqoFAB+Hp85EyNtq8bg74UJwsO+gpheEQvbt0L7Ocedyrz+cy2BNzl1KUYtAQcOZ6IHn+FzCcjtzHOv8xIggN0FW7A9OVRY6C6eowR3NcXnSBEi9QtwqyR5ya1dDwofGHpQWHujFiqWkvaTFefdFg3aSD7ksuCgfqA8S3T3P3Usf9WKrdcN4xMZpM0J0g4cZdAEJ0=
손소독제5,메디탑 3M 새니타이저 손소독제 500ml,"6,300원",https://adcr.naver.com/adcr?x=I+NaBPfHhZX7NAtlT4YXn////w==kJQo1LmdKmkEo6RJe5qpcKIcLA35PS0zWfUI3m1prkTRhoxSMNWvjULIkhxRVc3g0A/I4UnM15i8FKJ5rtPGT4ebJtd+9t2dy5o6cGo90RbpBxHUTDD9i47HqDrVuoMIpnODRjWjpm1XZladjf9k3ph12F7fCXgx0e3yDYTqDZVyBDVSRJncyLA9dUvOVjKK3feKab0ZdJyzkw4eCIYA50ONO+hGFInrYlII5TY31A4FGWCr33RC7B0G/E/W10GB+VC1Wdc76SKfaQ6LFz307SNi7H/nUVNpCWUSrUpm3G26+4Qv2S+azLHZluJzyMi3vk9oqJBIVZLYTmFw7YazI8DOk7uFejTeJ8BNZvCvMDt1bRlmYIUOPb37gQsMxUnIi0eEaLxd0kqqrUQlVohHes8E4Mi4/R4wXEJLIl9pOhQ0Vz/+aRopPf7KBwx5ZbwCLzAT88GbqXvT4TuRUMwjyIxORP5KY1DagViNCSUO9XHu5/p3HziyoKxuF8Br+fBWpIsxdICq+bsQ7i/nZtcysrrbzZcLVBCuE0JM+0bxqoFAB+Hp85EyNtq8bg74UJwsO+gpheEQvbt0L7Ocedyrz+cy2BNzl1KUYtAQcOZ6IHn+FzCcjtzHOv8xIggN0FW7A9OVRY6C6eowR3NcXnSBEi9QtwqyR5ya1dDwofGHpQWHujFiqWkvaTFefdFg3aSD7ksuCgfqA8S3T3P3Usf9WKrdcN4xMZpM0J0g4cZdAEJ0=
손소독제6,그린월드팜 클리닉크린겔 손소독제 500ml,"3,600원",https://adcr.naver.com/adcr?x=I+NaBPfHhZX7NAtlT4YXn////w==kJQo1LmdKmkEo6RJe5qpcKIcLA35PS0zWfUI3m1prkTRhoxSMNWvjULIkhxRVc3g0A/I4UnM15i8FKJ5rtPGT4ebJtd+9t2dy5o6cGo90RbpBxHUTDD9i47HqDrVuoMIpnODRjWjpm1XZladjf9k3ph12F7fCXgx0e3yDYTqDZVyBDVSRJncyLA9dUvOVjKK3feKab0ZdJyzkw4eCIYA50ONO+hGFInrYlII5TY31A4FGWCr33RC7B0G/E/W10GB+VC1Wdc76SKfaQ6LFz307SNi7H/nUVNpCWUSrUpm3G26+4Qv2S+azLHZluJzyMi3vk9oqJBIVZLYTmFw7YazI8DOk7uFejTeJ8BNZvCvMDt1bRlmYIUOPb37gQsMxUnIi0eEaLxd0kqqrUQlVohHes8E4Mi4/R4wXEJLIl9pOhQ0Vz/+aRopPf7KBwx5ZbwCLzAT88GbqXvT4TuRUMwjyIxORP5KY1DagViNCSUO9XHu5/p3HziyoKxuF8Br+fBWpIsxdICq+bsQ7i/nZtcysrrbzZcLVBCuE0JM+0bxqoFAB+Hp85EyNtq8bg74UJwsO+gpheEQvbt0L7Ocedyrz+cy2BNzl1KUYtAQcOZ6IHn+FzCcjtzHOv8xIggN0FW7A9OVRY6C6eowR3NcXnSBEi9QtwqyR5ya1dDwofGHpQWHujFiqWkvaTFefdFg3aSD7ksuCgfqA8S3T3P3Usf9WKrdcN4xMZpM0J0g4cZdAEJ0=
손소독제7,애경산업 랩신 V3 새니타이저 겔 500ml,"5,440원",https://adcr.naver.com/adcr?x=I+NaBPfHhZX7NAtlT4YXn////w==kJQo1LmdKmkEo6RJe5qpcKIcLA35PS0zWfUI3m1prkTRhoxSMNWvjULIkhxRVc3g0A/I4UnM15i8FKJ5rtPGT4ebJtd+9t2dy5o6cGo90RbpBxHUTDD9i47HqDrVuoMIpnODRjWjpm1XZladjf9k3ph12F7fCXgx0e3yDYTqDZVyBDVSRJncyLA9dUvOVjKK3feKab0ZdJyzkw4eCIYA50ONO+hGFInrYlII5TY31A4FGWCr33RC7B0G/E/W10GB+VC1Wdc76SKfaQ6LFz307SNi7H/nUVNpCWUSrUpm3G26+4Qv2S+azLHZluJzyMi3vk9oqJBIVZLYTmFw7YazI8DOk7uFejTeJ8BNZvCvMDt1bRlmYIUOPb37gQsMxUnIi0eEaLxd0kqqrUQlVohHes8E4Mi4/R4wXEJLIl9pOhQ0Vz/+aRopPf7KBwx5ZbwCLzAT88GbqXvT4TuRUMwjyIxORP5KY1DagViNCSUO9XHu5/p3HziyoKxuF8Br+fBWpIsxdICq+bsQ7i/nZtcysrrbzZcLVBCuE0JM+0bxqoFAB+Hp85EyNtq8bg74UJwsO+gpheEQvbt0L7Ocedyrz+cy2BNzl1KUYtAQcOZ6IHn+FzCcjtzHOv8xIggN0FW7A9OVRY6C6eowR3NcXnSBEi9QtwqyR5ya1dDwofGHpQWHujFiqWkvaTFefdFg3aSD7ksuCgfqA8S3T3P3Usf9WKrdcN4xMZpM0J0g4cZdAEJ0=
손소독제8,코리아코스팩 바라보고 클린투클린 휴대용 손소독제 120ml,"1,300원",https://adcr.naver.com/adcr?x=I+NaBPfHhZX7NAtlT4YXn////w==kJQo1LmdKmkEo6RJe5qpcKIcLA35PS0zWfUI3m1prkTRhoxSMNWvjULIkhxRVc3g0A/I4UnM15i8FKJ5rtPGT4ebJtd+9t2dy5o6cGo90RbpBxHUTDD9i47HqDrVuoMIpnODRjWjpm1XZladjf9k3ph12F7fCXgx0e3yDYTqDZVyBDVSRJncyLA9dUvOVjKK3feKab0ZdJyzkw4eCIYA50ONO+hGFInrYlII5TY31A4FGWCr33RC7B0G/E/W10GB+VC1Wdc76SKfaQ6LFz307SNi7H/nUVNpCWUSrUpm3G26+4Qv2S+azLHZluJzyMi3vk9oqJBIVZLYTmFw7YazI8DOk7uFejTeJ8BNZvCvMDt1bRlmYIUOPb37gQsMxUnIi0eEaLxd0kqqrUQlVohHes8E4Mi4/R4wXEJLIl9pOhQ0Vz/+aRopPf7KBwx5ZbwCLzAT88GbqXvT4TuRUMwjyIxORP5KY1DagViNCSUO9XHu5/p3HziyoKxuF8Br+fBWpIsxdICq+bsQ7i/nZtcysrrbzZcLVBCuE0JM+0bxqoFAB+Hp85EyNtq8bg74UJwsO+gpheEQvbt0L7Ocedyrz+cy2BNzl1KUYtAQcOZ6IHn+FzCcjtzHOv8xIggN0FW7A9OVRY6C6eowR3NcXnSBEi9QtwqyR5ya1dDwofGHpQWHujFiqWkvaTFefdFg3aSD7ksuCgfqA8S3T3P3Usf9WKrdcN4xMZpM0J0g4cZdAEJ0=
손소독제9,엘시시 오릭스 클린앤클린 손소독제 575ml,"4,350원",https://adcr.naver.com/adcr?x=I+NaBPfHhZX7NAtlT4YXn////w==kJQo1LmdKmkEo6RJe5qpcKIcLA35PS0zWfUI3m1prkTRhoxSMNWvjULIkhxRVc3g0A/I4UnM15i8FKJ5rtPGT4ebJtd+9t2dy5o6cGo90RbpBxHUTDD9i47HqDrVuoMIpnODRjWjpm1XZladjf9k3ph12F7fCXgx0e3yDYTqDZVyBDVSRJncyLA9dUvOVjKK3feKab0ZdJyzkw4eCIYA50ONO+hGFInrYlII5TY31A4FGWCr33RC7B0G/E/W10GB+VC1Wdc76SKfaQ6LFz307SNi7H/nUVNpCWUSrUpm3G26+4Qv2S+azLHZluJzyMi3vk9oqJBIVZLYTmFw7YazI8DOk7uFejTeJ8BNZvCvMDt1bRlmYIUOPb37gQsMxUnIi0eEaLxd0kqqrUQlVohHes8E4Mi4/R4wXEJLIl9pOhQ0Vz/+aRopPf7KBwx5ZbwCLzAT88GbqXvT4TuRUMwjyIxORP5KY1DagViNCSUO9XHu5/p3HziyoKxuF8Br+fBWpIsxdICq+bsQ7i/nZtcysrrbzZcLVBCuE0JM+0bxqoFAB+Hp85EyNtq8bg74UJwsO+gpheEQvbt0L7Ocedyrz+cy2BNzl1KUYtAQcOZ6IHn+FzCcjtzHOv8xIggN0FW7A9OVRY6C6eowR3NcXnSBEi9QtwqyR5ya1dDwofGHpQWHujFiqWkvaTFefdFg3aSD7ksuCgfqA8S3T3P3Usf9WKrdcN4xMZpM0J0g4cZdAEJ0=
손소독제10,바이오에스텍 생활공작소 손소독제 17ml,"7,410원",https://adcr.naver.com/adcr?x=I+NaBPfHhZX7NAtlT4YXn////w==kJQo1LmdKmkEo6RJe5qpcKIcLA35PS0zWfUI3m1prkTRhoxSMNWvjULIkhxRVc3g0A/I4UnM15i8FKJ5rtPGT4ebJtd+9t2dy5o6cGo90RbpBxHUTDD9i47HqDrVuoMIpnODRjWjpm1XZladjf9k3ph12F7fCXgx0e3yDYTqDZVyBDVSRJncyLA9dUvOVjKK3feKab0ZdJyzkw4eCIYA50ONO+hGFInrYlII5TY31A4FGWCr33RC7B0G/E/W10GB+VC1Wdc76SKfaQ6LFz307SNi7H/nUVNpCWUSrUpm3G26+4Qv2S+azLHZluJzyMi3vk9oqJBIVZLYTmFw7YazI8DOk7uFejTeJ8BNZvCvMDt1bRlmYIUOPb37gQsMxUnIi0eEaLxd0kqqrUQlVohHes8E4Mi4/R4wXEJLIl9pOhQ0Vz/+aRopPf7KBwx5ZbwCLzAT88GbqXvT4TuRUMwjyIxORP5KY1DagViNCSUO9XHu5/p3HziyoKxuF8Br+fBWpIsxdICq+bsQ7i/nZtcysrrbzZcLVBCuE0JM+0bxqoFAB+Hp85EyNtq8bg74UJwsO+gpheEQvbt0L7Ocedyrz+cy2BNzl1KUYtAQcOZ6IHn+FzCcjtzHOv8xIggN0FW7A9OVRY6C6eowR3NcXnSBEi9QtwqyR5ya1dDwofGHpQWHujFiqWkvaTFefdFg3aSD7ksuCgfqA8S3T3P3Usf9WKrdcN4xMZpM0J0g4cZdAEJ0=
손소독제11,엔엠헬스케어 비츄인 핸즈앤퓨어 프리미엄 손소독 청결제 30ml,"1,350원",https://adcr.naver.com/adcr?x=I+NaBPfHhZX7NAtlT4YXn////w==kJQo1LmdKmkEo6RJe5qpcKIcLA35PS0zWfUI3m1prkTRhoxSMNWvjULIkhxRVc3g0A/I4UnM15i8FKJ5rtPGT4ebJtd+9t2dy5o6cGo90RbpBxHUTDD9i47HqDrVuoMIpnODRjWjpm1XZladjf9k3ph12F7fCXgx0e3yDYTqDZVyBDVSRJncyLA9dUvOVjKK3feKab0ZdJyzkw4eCIYA50ONO+hGFInrYlII5TY31A4FGWCr33RC7B0G/E/W10GB+VC1Wdc76SKfaQ6LFz307SNi7H/nUVNpCWUSrUpm3G26+4Qv2S+azLHZluJzyMi3vk9oqJBIVZLYTmFw7YazI8DOk7uFejTeJ8BNZvCvMDt1bRlmYIUOPb37gQsMxUnIi0eEaLxd0kqqrUQlVohHes8E4Mi4/R4wXEJLIl9pOhQ0Vz/+aRopPf7KBwx5ZbwCLzAT88GbqXvT4TuRUMwjyIxORP5KY1DagViNCSUO9XHu5/p3HziyoKxuF8Br+fBWpIsxdICq+bsQ7i/nZtcysrrbzZcLVBCuE0JM+0bxqoFAB+Hp85EyNtq8bg74UJwsO+gpheEQvbt0L7Ocedyrz+cy2BNzl1KUYtAQcOZ6IHn+FzCcjtzHOv8xIggN0FW7A9OVRY6C6eowR3NcXnSBEi9QtwqyR5ya1dDwofGHpQWHujFiqWkvaTFefdFg3aSD7ksuCgfqA8S3T3P3Usf9WKrdcN4xMZpM0J0g4cZdAEJ0=
손소독제12,피엘코스메틱 세이프 굿 핸드겔 손소독제 500ml,"3,500원",https://adcr.naver.com/adcr?x=I+NaBPfHhZX7NAtlT4YXn////w==kJQo1LmdKmkEo6RJe5qpcKIcLA35PS0zWfUI3m1prkTRhoxSMNWvjULIkhxRVc3g0A/I4UnM15i8FKJ5rtPGT4ebJtd+9t2dy5o6cGo90RbpBxHUTDD9i47HqDrVuoMIpnODRjWjpm1XZladjf9k3ph12F7fCXgx0e3yDYTqDZVyBDVSRJncyLA9dUvOVjKK3feKab0ZdJyzkw4eCIYA50ONO+hGFInrYlII5TY31A4FGWCr33RC7B0G/E/W10GB+VC1Wdc76SKfaQ6LFz307SNi7H/nUVNpCWUSrUpm3G26+4Qv2S+azLHZluJzyMi3vk9oqJBIVZLYTmFw7YazI8DOk7uFejTeJ8BNZvCvMDt1bRlmYIUOPb37gQsMxUnIi0eEaLxd0kqqrUQlVohHes8E4Mi4/R4wXEJLIl9pOhQ0Vz/+aRopPf7KBwx5ZbwCLzAT88GbqXvT4TuRUMwjyIxORP5KY1DagViNCSUO9XHu5/p3HziyoKxuF8Br+fBWpIsxdICq+bsQ7i/nZtcysrrbzZcLVBCuE0JM+0bxqoFAB+Hp85EyNtq8bg74UJwsO+gpheEQvbt0L7Ocedyrz+cy2BNzl1KUYtAQcOZ6IHn+FzCcjtzHOv8xIggN0FW7A9OVRY6C6eowR3NcXnSBEi9QtwqyR5ya1dDwofGHpQWHujFiqWkvaTFefdFg3aSD7ksuCgfqA8S3T3P3Usf9WKrdcN4xMZpM0J0g4cZdAEJ0=
손소독제13,핸즈퓨리 의약외품 손소독제 에탄올70% 겔 젤 스프레이 500ml 미스트 휴대용 100ml 1+1,"3,900원",https://adcr.naver.com/adcr?x=I+NaBPfHhZX7NAtlT4YXn////w==kJQo1LmdKmkEo6RJe5qpcKIcLA35PS0zWfUI3m1prkTRhoxSMNWvjULIkhxRVc3g0A/I4UnM15i8FKJ5rtPGT4ebJtd+9t2dy5o6cGo90RbpBxHUTDD9i47HqDrVuoMIpnODRjWjpm1XZladjf9k3ph12F7fCXgx0e3yDYTqDZVyBDVSRJncyLA9dUvOVjKK3feKab0ZdJyzkw4eCIYA50ONO+hGFInrYlII5TY31A4FGWCr33RC7B0G/E/W10GB+VC1Wdc76SKfaQ6LFz307SNi7H/nUVNpCWUSrUpm3G26+4Qv2S+azLHZluJzyMi3vk9oqJBIVZLYTmFw7YazI8DOk7uFejTeJ8BNZvCvMDt1bRlmYIUOPb37gQsMxUnIi0eEaLxd0kqqrUQlVohHes8E4Mi4/R4wXEJLIl9pOhQ0Vz/+aRopPf7KBwx5ZbwCLzAT88GbqXvT4TuRUMwjyIxORP5KY1DagViNCSUO9XHu5/p3HziyoKxuF8Br+fBWpIsxdICq+bsQ7i/nZtcysrrbzZcLVBCuE0JM+0bxqoFAB+Hp85EyNtq8bg74UJwsO+gpheEQvbt0L7Ocedyrz+cy2BNzl1KUYtAQcOZ6IHn+FzCcjtzHOv8xIggN0FW7A9OVRY6C6eowR3NcXnSBEi9QtwqyR5ya1dDwofGHpQWHujFiqWkvaTFefdFg3aSD7ksuCgfqA8S3T3P3Usf9WKrdcN4xMZpM0J0g4cZdAEJ0=
손소독제14,쿤달 손소독제 프레시 핸드 세니타이저 500ml,"7,500원",https://adcr.naver.com/adcr?x=I+NaBPfHhZX7NAtlT4YXn////w==kJQo1LmdKmkEo6RJe5qpcKIcLA35PS0zWfUI3m1prkTRhoxSMNWvjULIkhxRVc3g0A/I4UnM15i8FKJ5rtPGT4ebJtd+9t2dy5o6cGo90RbpBxHUTDD9i47HqDrVuoMIpnODRjWjpm1XZladjf9k3ph12F7fCXgx0e3yDYTqDZVyBDVSRJncyLA9dUvOVjKK3feKab0ZdJyzkw4eCIYA50ONO+hGFInrYlII5TY31A4FGWCr33RC7B0G/E/W10GB+VC1Wdc76SKfaQ6LFz307SNi7H/nUVNpCWUSrUpm3G26+4Qv2S+azLHZluJzyMi3vk9oqJBIVZLYTmFw7YazI8DOk7uFejTeJ8BNZvCvMDt1bRlmYIUOPb37gQsMxUnIi0eEaLxd0kqqrUQlVohHes8E4Mi4/R4wXEJLIl9pOhQ0Vz/+aRopPf7KBwx5ZbwCLzAT88GbqXvT4TuRUMwjyIxORP5KY1DagViNCSUO9XHu5/p3HziyoKxuF8Br+fBWpIsxdICq+bsQ7i/nZtcysrrbzZcLVBCuE0JM+0bxqoFAB+Hp85EyNtq8bg74UJwsO+gpheEQvbt0L7Ocedyrz+cy2BNzl1KUYtAQcOZ6IHn+FzCcjtzHOv8xIggN0FW7A9OVRY6C6eowR3NcXnSBEi9QtwqyR5ya1dDwofGHpQWHujFiqWkvaTFefdFg3aSD7ksuCgfqA8S3T3P3Usf9WKrdcN4xMZpM0J0g4cZdAEJ0=
손소독제15,아토세이프 손소독제 100ml,"4,500원",https://adcr.naver.com/adcr?x=I+NaBPfHhZX7NAtlT4YXn////w==kJQo1LmdKmkEo6RJe5qpcKIcLA35PS0zWfUI3m1prkTRhoxSMNWvjULIkhxRVc3g0A/I4UnM15i8FKJ5rtPGT4ebJtd+9t2dy5o6cGo90RbpBxHUTDD9i47HqDrVuoMIpnODRjWjpm1XZladjf9k3ph12F7fCXgx0e3yDYTqDZVyBDVSRJncyLA9dUvOVjKK3feKab0ZdJyzkw4eCIYA50ONO+hGFInrYlII5TY31A4FGWCr33RC7B0G/E/W10GB+VC1Wdc76SKfaQ6LFz307SNi7H/nUVNpCWUSrUpm3G26+4Qv2S+azLHZluJzyMi3vk9oqJBIVZLYTmFw7YazI8DOk7uFejTeJ8BNZvCvMDt1bRlmYIUOPb37gQsMxUnIi0eEaLxd0kqqrUQlVohHes8E4Mi4/R4wXEJLIl9pOhQ0Vz/+aRopPf7KBwx5ZbwCLzAT88GbqXvT4TuRUMwjyIxORP5KY1DagViNCSUO9XHu5/p3HziyoKxuF8Br+fBWpIsxdICq+bsQ7i/nZtcysrrbzZcLVBCuE0JM+0bxqoFAB+Hp85EyNtq8bg74UJwsO+gpheEQvbt0L7Ocedyrz+cy2BNzl1KUYtAQcOZ6IHn+FzCcjtzHOv8xIggN0FW7A9OVRY6C6eowR3NcXnSBEi9QtwqyR5ya1dDwofGHpQWHujFiqWkvaTFefdFg3aSD7ksuCgfqA8S3T3P3Usf9WKrdcN4xMZpM0J0g4cZdAEJ0=
손소독제16,유한킴벌리 크리넥스 손소독제 겔 450ml,"10,490원",https://adcr.naver.com/adcr?x=I+NaBPfHhZX7NAtlT4YXn////w==kJQo1LmdKmkEo6RJe5qpcKIcLA35PS0zWfUI3m1prkTRhoxSMNWvjULIkhxRVc3g0A/I4UnM15i8FKJ5rtPGT4ebJtd+9t2dy5o6cGo90RbpBxHUTDD9i47HqDrVuoMIpnODRjWjpm1XZladjf9k3ph12F7fCXgx0e3yDYTqDZVyBDVSRJncyLA9dUvOVjKK3feKab0ZdJyzkw4eCIYA50ONO+hGFInrYlII5TY31A4FGWCr33RC7B0G/E/W10GB+VC1Wdc76SKfaQ6LFz307SNi7H/nUVNpCWUSrUpm3G26+4Qv2S+azLHZluJzyMi3vk9oqJBIVZLYTmFw7YazI8DOk7uFejTeJ8BNZvCvMDt1bRlmYIUOPb37gQsMxUnIi0eEaLxd0kqqrUQlVohHes8E4Mi4/R4wXEJLIl9pOhQ0Vz/+aRopPf7KBwx5ZbwCLzAT88GbqXvT4TuRUMwjyIxORP5KY1DagViNCSUO9XHu5/p3HziyoKxuF8Br+fBWpIsxdICq+bsQ7i/nZtcysrrbzZcLVBCuE0JM+0bxqoFAB+Hp85EyNtq8bg74UJwsO+gpheEQvbt0L7Ocedyrz+cy2BNzl1KUYtAQcOZ6IHn+FzCcjtzHOv8xIggN0FW7A9OVRY6C6eowR3NcXnSBEi9QtwqyR5ya1dDwofGHpQWHujFiqWkvaTFefdFg3aSD7ksuCgfqA8S3T3P3Usf9WKrdcN4xMZpM0J0g4cZdAEJ0=
손소독제17,휴대용 알콜 소독겔 젤 겔타입100ml 에탄올 알코올 이너 핸드클리너 약국 병원 의약외품,"3,600원",https://adcr.naver.com/adcr?x=I+NaBPfHhZX7NAtlT4YXn////w==kJQo1LmdKmkEo6RJe5qpcKIcLA35PS0zWfUI3m1prkTRhoxSMNWvjULIkhxRVc3g0A/I4UnM15i8FKJ5rtPGT4ebJtd+9t2dy5o6cGo90RbpBxHUTDD9i47HqDrVuoMIpnODRjWjpm1XZladjf9k3ph12F7fCXgx0e3yDYTqDZVyBDVSRJncyLA9dUvOVjKK3feKab0ZdJyzkw4eCIYA50ONO+hGFInrYlII5TY31A4FGWCr33RC7B0G/E/W10GB+VC1Wdc76SKfaQ6LFz307SNi7H/nUVNpCWUSrUpm3G26+4Qv2S+azLHZluJzyMi3vk9oqJBIVZLYTmFw7YazI8DOk7uFejTeJ8BNZvCvMDt1bRlmYIUOPb37gQsMxUnIi0eEaLxd0kqqrUQlVohHes8E4Mi4/R4wXEJLIl9pOhQ0Vz/+aRopPf7KBwx5ZbwCLzAT88GbqXvT4TuRUMwjyIxORP5KY1DagViNCSUO9XHu5/p3HziyoKxuF8Br+fBWpIsxdICq+bsQ7i/nZtcysrrbzZcLVBCuE0JM+0bxqoFAB+Hp85EyNtq8bg74UJwsO+gpheEQvbt0L7Ocedyrz+cy2BNzl1KUYtAQcOZ6IHn+FzCcjtzHOv8xIggN0FW7A9OVRY6C6eowR3NcXnSBEi9QtwqyR5ya1dDwofGHpQWHujFiqWkvaTFefdFg3aSD7ksuCgfqA8S3T3P3Usf9WKrdcN4xMZpM0J0g4cZdAEJ0=
손소독제18,퓨렐 손소독제 236ml,"7,900원",https://adcr.naver.com/adcr?x=I+NaBPfHhZX7NAtlT4YXn////w==kJQo1LmdKmkEo6RJe5qpcKIcLA35PS0zWfUI3m1prkTRhoxSMNWvjULIkhxRVc3g0A/I4UnM15i8FKJ5rtPGT4ebJtd+9t2dy5o6cGo90RbpBxHUTDD9i47HqDrVuoMIpnODRjWjpm1XZladjf9k3ph12F7fCXgx0e3yDYTqDZVyBDVSRJncyLA9dUvOVjKK3feKab0ZdJyzkw4eCIYA50ONO+hGFInrYlII5TY31A4FGWCr33RC7B0G/E/W10GB+VC1Wdc76SKfaQ6LFz307SNi7H/nUVNpCWUSrUpm3G26+4Qv2S+azLHZluJzyMi3vk9oqJBIVZLYTmFw7YazI8DOk7uFejTeJ8BNZvCvMDt1bRlmYIUOPb37gQsMxUnIi0eEaLxd0kqqrUQlVohHes8E4Mi4/R4wXEJLIl9pOhQ0Vz/+aRopPf7KBwx5ZbwCLzAT88GbqXvT4TuRUMwjyIxORP5KY1DagViNCSUO9XHu5/p3HziyoKxuF8Br+fBWpIsxdICq+bsQ7i/nZtcysrrbzZcLVBCuE0JM+0bxqoFAB+Hp85EyNtq8bg74UJwsO+gpheEQvbt0L7Ocedyrz+cy2BNzl1KUYtAQcOZ6IHn+FzCcjtzHOv8xIggN0FW7A9OVRY6C6eowR3NcXnSBEi9QtwqyR5ya1dDwofGHpQWHujFiqWkvaTFefdFg3aSD7ksuCgfqA8S3T3P3Usf9WKrdcN4xMZpM0J0g4cZdAEJ0=
손소독제19,삼현제약 시나몬이오 정말싫다 세균 손소독제 100ml,"3,000원",https://adcr.naver.com/adcr?x=I+NaBPfHhZX7NAtlT4YXn////w==kJQo1LmdKmkEo6RJe5qpcKIcLA35PS0zWfUI3m1prkTRhoxSMNWvjULIkhxRVc3g0A/I4UnM15i8FKJ5rtPGT4ebJtd+9t2dy5o6cGo90RbpBxHUTDD9i47HqDrVuoMIpnODRjWjpm1XZladjf9k3ph12F7fCXgx0e3yDYTqDZVyBDVSRJncyLA9dUvOVjKK3feKab0ZdJyzkw4eCIYA50ONO+hGFInrYlII5TY31A4FGWCr33RC7B0G/E/W10GB+VC1Wdc76SKfaQ6LFz307SNi7H/nUVNpCWUSrUpm3G26+4Qv2S+azLHZluJzyMi3vk9oqJBIVZLYTmFw7YazI8DOk7uFejTeJ8BNZvCvMDt1bRlmYIUOPb37gQsMxUnIi0eEaLxd0kqqrUQlVohHes8E4Mi4/R4wXEJLIl9pOhQ0Vz/+aRopPf7KBwx5ZbwCLzAT88GbqXvT4TuRUMwjyIxORP5KY1DagViNCSUO9XHu5/p3HziyoKxuF8Br+fBWpIsxdICq+bsQ7i/nZtcysrrbzZcLVBCuE0JM+0bxqoFAB+Hp85EyNtq8bg74UJwsO+gpheEQvbt0L7Ocedyrz+cy2BNzl1KUYtAQcOZ6IHn+FzCcjtzHOv8xIggN0FW7A9OVRY6C6eowR3NcXnSBEi9QtwqyR5ya1dDwofGHpQWHujFiqWkvaTFefdFg3aSD7ksuCgfqA8S3T3P3Usf9WKrdcN4xMZpM0J0g4cZdAEJ0=
손소독제20,클레시스 프리미엄 손소독제 500ml,"11,000원",https://adcr.naver.com/adcr?x=I+NaBPfHhZX7NAtlT4YXn////w==kJQo1LmdKmkEo6RJe5qpcKIcLA35PS0zWfUI3m1prkTRhoxSMNWvjULIkhxRVc3g0A/I4UnM15i8FKJ5rtPGT4ebJtd+9t2dy5o6cGo90RbpBxHUTDD9i47HqDrVuoMIpnODRjWjpm1XZladjf9k3ph12F7fCXgx0e3yDYTqDZVyBDVSRJncyLA9dUvOVjKK3feKab0ZdJyzkw4eCIYA50ONO+hGFInrYlII5TY31A4FGWCr33RC7B0G/E/W10GB+VC1Wdc76SKfaQ6LFz307SNi7H/nUVNpCWUSrUpm3G26+4Qv2S+azLHZluJzyMi3vk9oqJBIVZLYTmFw7YazI8DOk7uFejTeJ8BNZvCvMDt1bRlmYIUOPb37gQsMxUnIi0eEaLxd0kqqrUQlVohHes8E4Mi4/R4wXEJLIl9pOhQ0Vz/+aRopPf7KBwx5ZbwCLzAT88GbqXvT4TuRUMwjyIxORP5KY1DagViNCSUO9XHu5/p3HziyoKxuF8Br+fBWpIsxdICq+bsQ7i/nZtcysrrbzZcLVBCuE0JM+0bxqoFAB+Hp85EyNtq8bg74UJwsO+gpheEQvbt0L7Ocedyrz+cy2BNzl1KUYtAQcOZ6IHn+FzCcjtzHOv8xIggN0FW7A9OVRY6C6eowR3NcXnSBEi9QtwqyR5ya1dDwofGHpQWHujFiqWkvaTFefdFg3aSD7ksuCgfqA8S3T3P3Usf9WKrdcN4xMZpM0J0g4cZdAEJ0=
손소독제21,휴대용 손 소독제 뿌리는 세정제 스프레이,"2,400원",https://adcr.naver.com/adcr?x=I+NaBPfHhZX7NAtlT4YXn////w==kJQo1LmdKmkEo6RJe5qpcKIcLA35PS0zWfUI3m1prkTRhoxSMNWvjULIkhxRVc3g0A/I4UnM15i8FKJ5rtPGT4ebJtd+9t2dy5o6cGo90RbpBxHUTDD9i47HqDrVuoMIpnODRjWjpm1XZladjf9k3ph12F7fCXgx0e3yDYTqDZVyBDVSRJncyLA9dUvOVjKK3feKab0ZdJyzkw4eCIYA50ONO+hGFInrYlII5TY31A4FGWCr33RC7B0G/E/W10GB+VC1Wdc76SKfaQ6LFz307SNi7H/nUVNpCWUSrUpm3G26+4Qv2S+azLHZluJzyMi3vk9oqJBIVZLYTmFw7YazI8DOk7uFejTeJ8BNZvCvMDt1bRlmYIUOPb37gQsMxUnIi0eEaLxd0kqqrUQlVohHes8E4Mi4/R4wXEJLIl9pOhQ0Vz/+aRopPf7KBwx5ZbwCLzAT88GbqXvT4TuRUMwjyIxORP5KY1DagViNCSUO9XHu5/p3HziyoKxuF8Br+fBWpIsxdICq+bsQ7i/nZtcysrrbzZcLVBCuE0JM+0bxqoFAB+Hp85EyNtq8bg74UJwsO+gpheEQvbt0L7Ocedyrz+cy2BNzl1KUYtAQcOZ6IHn+FzCcjtzHOv8xIggN0FW7A9OVRY6C6eowR3NcXnSBEi9QtwqyR5ya1dDwofGHpQWHujFiqWkvaTFefdFg3aSD7ksuCgfqA8S3T3P3Usf9WKrdcN4xMZpM0J0g4cZdAEJ0=
손소독제22,아토세이프 손소독제 젤타입 60mlx8개,"10,900원",https://adcr.naver.com/adcr?x=I+NaBPfHhZX7NAtlT4YXn////w==kJQo1LmdKmkEo6RJe5qpcKIcLA35PS0zWfUI3m1prkTRhoxSMNWvjULIkhxRVc3g0A/I4UnM15i8FKJ5rtPGT4ebJtd+9t2dy5o6cGo90RbpBxHUTDD9i47HqDrVuoMIpnODRjWjpm1XZladjf9k3ph12F7fCXgx0e3yDYTqDZVyBDVSRJncyLA9dUvOVjKK3feKab0ZdJyzkw4eCIYA50ONO+hGFInrYlII5TY31A4FGWCr33RC7B0G/E/W10GB+VC1Wdc76SKfaQ6LFz307SNi7H/nUVNpCWUSrUpm3G26+4Qv2S+azLHZluJzyMi3vk9oqJBIVZLYTmFw7YazI8DOk7uFejTeJ8BNZvCvMDt1bRlmYIUOPb37gQsMxUnIi0eEaLxd0kqqrUQlVohHes8E4Mi4/R4wXEJLIl9pOhQ0Vz/+aRopPf7KBwx5ZbwCLzAT88GbqXvT4TuRUMwjyIxORP5KY1DagViNCSUO9XHu5/p3HziyoKxuF8Br+fBWpIsxdICq+bsQ7i/nZtcysrrbzZcLVBCuE0JM+0bxqoFAB+Hp85EyNtq8bg74UJwsO+gpheEQvbt0L7Ocedyrz+cy2BNzl1KUYtAQcOZ6IHn+FzCcjtzHOv8xIggN0FW7A9OVRY6C6eowR3NcXnSBEi9QtwqyR5ya1dDwofGHpQWHujFiqWkvaTFefdFg3aSD7ksuCgfqA8S3T3P3Usf9WKrdcN4xMZpM0J0g4cZdAEJ0=
손소독제23,1+1 의약외품 500ml 손소독제 휴대용 손소독 젤 겔,"7,400원",https://adcr.naver.com/adcr?x=I+NaBPfHhZX7NAtlT4YXn////w==kJQo1LmdKmkEo6RJe5qpcKIcLA35PS0zWfUI3m1prkTRhoxSMNWvjULIkhxRVc3g0A/I4UnM15i8FKJ5rtPGT4ebJtd+9t2dy5o6cGo90RbpBxHUTDD9i47HqDrVuoMIpnODRjWjpm1XZladjf9k3ph12F7fCXgx0e3yDYTqDZVyBDVSRJncyLA9dUvOVjKK3feKab0ZdJyzkw4eCIYA50ONO+hGFInrYlII5TY31A4FGWCr33RC7B0G/E/W10GB+VC1Wdc76SKfaQ6LFz307SNi7H/nUVNpCWUSrUpm3G26+4Qv2S+azLHZluJzyMi3vk9oqJBIVZLYTmFw7YazI8DOk7uFejTeJ8BNZvCvMDt1bRlmYIUOPb37gQsMxUnIi0eEaLxd0kqqrUQlVohHes8E4Mi4/R4wXEJLIl9pOhQ0Vz/+aRopPf7KBwx5ZbwCLzAT88GbqXvT4TuRUMwjyIxORP5KY1DagViNCSUO9XHu5/p3HziyoKxuF8Br+fBWpIsxdICq+bsQ7i/nZtcysrrbzZcLVBCuE0JM+0bxqoFAB+Hp85EyNtq8bg74UJwsO+gpheEQvbt0L7Ocedyrz+cy2BNzl1KUYtAQcOZ6IHn+FzCcjtzHOv8xIggN0FW7A9OVRY6C6eowR3NcXnSBEi9QtwqyR5ya1dDwofGHpQWHujFiqWkvaTFefdFg3aSD7ksuCgfqA8S3T3P3Usf9WKrdcN4xMZpM0J0g4cZdAEJ0=
손소독제24,일상닥터 핸드케어 휴대용 손소독제 손세정제 핸드크림 겸용 (무알콜),"9,200원",https://adcr.naver.com/adcr?x=I+NaBPfHhZX7NAtlT4YXn////w==kJQo1LmdKmkEo6RJe5qpcKIcLA35PS0zWfUI3m1prkTRhoxSMNWvjULIkhxRVc3g0A/I4UnM15i8FKJ5rtPGT4ebJtd+9t2dy5o6cGo90RbpBxHUTDD9i47HqDrVuoMIpnODRjWjpm1XZladjf9k3ph12F7fCXgx0e3yDYTqDZVyBDVSRJncyLA9dUvOVjKK3feKab0ZdJyzkw4eCIYA50ONO+hGFInrYlII5TY31A4FGWCr33RC7B0G/E/W10GB+VC1Wdc76SKfaQ6LFz307SNi7H/nUVNpCWUSrUpm3G26+4Qv2S+azLHZluJzyMi3vk9oqJBIVZLYTmFw7YazI8DOk7uFejTeJ8BNZvCvMDt1bRlmYIUOPb37gQsMxUnIi0eEaLxd0kqqrUQlVohHes8E4Mi4/R4wXEJLIl9pOhQ0Vz/+aRopPf7KBwx5ZbwCLzAT88GbqXvT4TuRUMwjyIxORP5KY1DagViNCSUO9XHu5/p3HziyoKxuF8Br+fBWpIsxdICq+bsQ7i/nZtcysrrbzZcLVBCuE0JM+0bxqoFAB+Hp85EyNtq8bg74UJwsO+gpheEQvbt0L7Ocedyrz+cy2BNzl1KUYtAQcOZ6IHn+FzCcjtzHOv8xIggN0FW7A9OVRY6C6eowR3NcXnSBEi9QtwqyR5ya1dDwofGHpQWHujFiqWkvaTFefdFg3aSD7ksuCgfqA8S3T3P3Usf9WKrdcN4xMZpM0J0g4cZdAEJ0=
손소독제25,"[5+1]학교,학원,병원 손소독제 손세정제 유아용 의약외품 세이프 굿 핸드겔 휴대용,대용량","2,500원",https://adcr.naver.com/adcr?x=I+NaBPfHhZX7NAtlT4YXn////w==kJQo1LmdKmkEo6RJe5qpcKIcLA35PS0zWfUI3m1prkTRhoxSMNWvjULIkhxRVc3g0A/I4UnM15i8FKJ5rtPGT4ebJtd+9t2dy5o6cGo90RbpBxHUTDD9i47HqDrVuoMIpnODRjWjpm1XZladjf9k3ph12F7fCXgx0e3yDYTqDZVyBDVSRJncyLA9dUvOVjKK3feKab0ZdJyzkw4eCIYA50ONO+hGFInrYlII5TY31A4FGWCr33RC7B0G/E/W10GB+VC1Wdc76SKfaQ6LFz307SNi7H/nUVNpCWUSrUpm3G26+4Qv2S+azLHZluJzyMi3vk9oqJBIVZLYTmFw7YazI8DOk7uFejTeJ8BNZvCvMDt1bRlmYIUOPb37gQsMxUnIi0eEaLxd0kqqrUQlVohHes8E4Mi4/R4wXEJLIl9pOhQ0Vz/+aRopPf7KBwx5ZbwCLzAT88GbqXvT4TuRUMwjyIxORP5KY1DagViNCSUO9XHu5/p3HziyoKxuF8Br+fBWpIsxdICq+bsQ7i/nZtcysrrbzZcLVBCuE0JM+0bxqoFAB+Hp85EyNtq8bg74UJwsO+gpheEQvbt0L7Ocedyrz+cy2BNzl1KUYtAQcOZ6IHn+FzCcjtzHOv8xIggN0FW7A9OVRY6C6eowR3NcXnSBEi9QtwqyR5ya1dDwofGHpQWHujFiqWkvaTFefdFg3aSD7ksuCgfqA8S3T3P3Usf9WKrdcN4xMZpM0J0g4cZdAEJ0=
손소독제26,쇼 퓨어 크린 핸드 겔 500ml 손소독겔,"6,600원",https://adcr.naver.com/adcr?x=I+NaBPfHhZX7NAtlT4YXn////w==kJQo1LmdKmkEo6RJe5qpcKIcLA35PS0zWfUI3m1prkTRhoxSMNWvjULIkhxRVc3g0A/I4UnM15i8FKJ5rtPGT4ebJtd+9t2dy5o6cGo90RbpBxHUTDD9i47HqDrVuoMIpnODRjWjpm1XZladjf9k3ph12F7fCXgx0e3yDYTqDZVyBDVSRJncyLA9dUvOVjKK3feKab0ZdJyzkw4eCIYA50ONO+hGFInrYlII5TY31A4FGWCr33RC7B0G/E/W10GB+VC1Wdc76SKfaQ6LFz307SNi7H/nUVNpCWUSrUpm3G26+4Qv2S+azLHZluJzyMi3vk9oqJBIVZLYTmFw7YazI8DOk7uFejTeJ8BNZvCvMDt1bRlmYIUOPb37gQsMxUnIi0eEaLxd0kqqrUQlVohHes8E4Mi4/R4wXEJLIl9pOhQ0Vz/+aRopPf7KBwx5ZbwCLzAT88GbqXvT4TuRUMwjyIxORP5KY1DagViNCSUO9XHu5/p3HziyoKxuF8Br+fBWpIsxdICq+bsQ7i/nZtcysrrbzZcLVBCuE0JM+0bxqoFAB+Hp85EyNtq8bg74UJwsO+gpheEQvbt0L7Ocedyrz+cy2BNzl1KUYtAQcOZ6IHn+FzCcjtzHOv8xIggN0FW7A9OVRY6C6eowR3NcXnSBEi9QtwqyR5ya1dDwofGHpQWHujFiqWkvaTFefdFg3aSD7ksuCgfqA8S3T3P3Usf9WKrdcN4xMZpM0J0g4cZdAEJ0=
손소독제27,손소독제 모음전 튜브/스프레이/파우치형,"6,000원",https://adcr.naver.com/adcr?x=I+NaBPfHhZX7NAtlT4YXn////w==kJQo1LmdKmkEo6RJe5qpcKIcLA35PS0zWfUI3m1prkTRhoxSMNWvjULIkhxRVc3g0A/I4UnM15i8FKJ5rtPGT4ebJtd+9t2dy5o6cGo90RbpBxHUTDD9i47HqDrVuoMIpnODRjWjpm1XZladjf9k3ph12F7fCXgx0e3yDYTqDZVyBDVSRJncyLA9dUvOVjKK3feKab0ZdJyzkw4eCIYA50ONO+hGFInrYlII5TY31A4FGWCr33RC7B0G/E/W10GB+VC1Wdc76SKfaQ6LFz307SNi7H/nUVNpCWUSrUpm3G26+4Qv2S+azLHZluJzyMi3vk9oqJBIVZLYTmFw7YazI8DOk7uFejTeJ8BNZvCvMDt1bRlmYIUOPb37gQsMxUnIi0eEaLxd0kqqrUQlVohHes8E4Mi4/R4wXEJLIl9pOhQ0Vz/+aRopPf7KBwx5ZbwCLzAT88GbqXvT4TuRUMwjyIxORP5KY1DagViNCSUO9XHu5/p3HziyoKxuF8Br+fBWpIsxdICq+bsQ7i/nZtcysrrbzZcLVBCuE0JM+0bxqoFAB+Hp85EyNtq8bg74UJwsO+gpheEQvbt0L7Ocedyrz+cy2BNzl1KUYtAQcOZ6IHn+FzCcjtzHOv8xIggN0FW7A9OVRY6C6eowR3NcXnSBEi9QtwqyR5ya1dDwofGHpQWHujFiqWkvaTFefdFg3aSD7ksuCgfqA8S3T3P3Usf9WKrdcN4xMZpM0J0g4cZdAEJ0=
손소독제28,휴대용 손소독제 페스트세븐클리닉크린겔500ml,"9,900원",https://adcr.naver.com/adcr?x=I+NaBPfHhZX7NAtlT4YXn////w==kJQo1LmdKmkEo6RJe5qpcKIcLA35PS0zWfUI3m1prkTRhoxSMNWvjULIkhxRVc3g0A/I4UnM15i8FKJ5rtPGT4ebJtd+9t2dy5o6cGo90RbpBxHUTDD9i47HqDrVuoMIpnODRjWjpm1XZladjf9k3ph12F7fCXgx0e3yDYTqDZVyBDVSRJncyLA9dUvOVjKK3feKab0ZdJyzkw4eCIYA50ONO+hGFInrYlII5TY31A4FGWCr33RC7B0G/E/W10GB+VC1Wdc76SKfaQ6LFz307SNi7H/nUVNpCWUSrUpm3G26+4Qv2S+azLHZluJzyMi3vk9oqJBIVZLYTmFw7YazI8DOk7uFejTeJ8BNZvCvMDt1bRlmYIUOPb37gQsMxUnIi0eEaLxd0kqqrUQlVohHes8E4Mi4/R4wXEJLIl9pOhQ0Vz/+aRopPf7KBwx5ZbwCLzAT88GbqXvT4TuRUMwjyIxORP5KY1DagViNCSUO9XHu5/p3HziyoKxuF8Br+fBWpIsxdICq+bsQ7i/nZtcysrrbzZcLVBCuE0JM+0bxqoFAB+Hp85EyNtq8bg74UJwsO+gpheEQvbt0L7Ocedyrz+cy2BNzl1KUYtAQcOZ6IHn+FzCcjtzHOv8xIggN0FW7A9OVRY6C6eowR3NcXnSBEi9QtwqyR5ya1dDwofGHpQWHujFiqWkvaTFefdFg3aSD7ksuCgfqA8S3T3P3Usf9WKrdcN4xMZpM0J0g4cZdAEJ0=
손소독제29,클린투클린 의약외품 바이러스 예방 살균 겔타입 휴대용 손소독제(50ml),"2,500원",https://adcr.naver.com/adcr?x=I+NaBPfHhZX7NAtlT4YXn////w==kJQo1LmdKmkEo6RJe5qpcKIcLA35PS0zWfUI3m1prkTRhoxSMNWvjULIkhxRVc3g0A/I4UnM15i8FKJ5rtPGT4ebJtd+9t2dy5o6cGo90RbpBxHUTDD9i47HqDrVuoMIpnODRjWjpm1XZladjf9k3ph12F7fCXgx0e3yDYTqDZVyBDVSRJncyLA9dUvOVjKK3feKab0ZdJyzkw4eCIYA50ONO+hGFInrYlII5TY31A4FGWCr33RC7B0G/E/W10GB+VC1Wdc76SKfaQ6LFz307SNi7H/nUVNpCWUSrUpm3G26+4Qv2S+azLHZluJzyMi3vk9oqJBIVZLYTmFw7YazI8DOk7uFejTeJ8BNZvCvMDt1bRlmYIUOPb37gQsMxUnIi0eEaLxd0kqqrUQlVohHes8E4Mi4/R4wXEJLIl9pOhQ0Vz/+aRopPf7KBwx5ZbwCLzAT88GbqXvT4TuRUMwjyIxORP5KY1DagViNCSUO9XHu5/p3HziyoKxuF8Br+fBWpIsxdICq+bsQ7i/nZtcysrrbzZcLVBCuE0JM+0bxqoFAB+Hp85EyNtq8bg74UJwsO+gpheEQvbt0L7Ocedyrz+cy2BNzl1KUYtAQcOZ6IHn+FzCcjtzHOv8xIggN0FW7A9OVRY6C6eowR3NcXnSBEi9QtwqyR5ya1dDwofGHpQWHujFiqWkvaTFefdFg3aSD7ksuCgfqA8S3T3P3Usf9WKrdcN4xMZpM0J0g4cZdAEJ0=
손소독제30,네이스처 핸드클리너겔 휴대용 손소독제 일회용 세니타이저 100매 어린이,"7,400원",https://adcr.naver.com/adcr?x=I+NaBPfHhZX7NAtlT4YXn////w==kJQo1LmdKmkEo6RJe5qpcKIcLA35PS0zWfUI3m1prkTRhoxSMNWvjULIkhxRVc3g0A/I4UnM15i8FKJ5rtPGT4ebJtd+9t2dy5o6cGo90RbpBxHUTDD9i47HqDrVuoMIpnODRjWjpm1XZladjf9k3ph12F7fCXgx0e3yDYTqDZVyBDVSRJncyLA9dUvOVjKK3feKab0ZdJyzkw4eCIYA50ONO+hGFInrYlII5TY31A4FGWCr33RC7B0G/E/W10GB+VC1Wdc76SKfaQ6LFz307SNi7H/nUVNpCWUSrUpm3G26+4Qv2S+azLHZluJzyMi3vk9oqJBIVZLYTmFw7YazI8DOk7uFejTeJ8BNZvCvMDt1bRlmYIUOPb37gQsMxUnIi0eEaLxd0kqqrUQlVohHes8E4Mi4/R4wXEJLIl9pOhQ0Vz/+aRopPf7KBwx5ZbwCLzAT88GbqXvT4TuRUMwjyIxORP5KY1DagViNCSUO9XHu5/p3HziyoKxuF8Br+fBWpIsxdICq+bsQ7i/nZtcysrrbzZcLVBCuE0JM+0bxqoFAB+Hp85EyNtq8bg74UJwsO+gpheEQvbt0L7Ocedyrz+cy2BNzl1KUYtAQcOZ6IHn+FzCcjtzHOv8xIggN0FW7A9OVRY6C6eowR3NcXnSBEi9QtwqyR5ya1dDwofGHpQWHujFiqWkvaTFefdFg3aSD7ksuCgfqA8S3T3P3Usf9WKrdcN4xMZpM0J0g4cZdAEJ0=
손소독제31,메르헨랩 아토렌 손소독제 500ml,"4,900원",https://adcr.naver.com/adcr?x=I+NaBPfHhZX7NAtlT4YXn////w==kJQo1LmdKmkEo6RJe5qpcKIcLA35PS0zWfUI3m1prkTRhoxSMNWvjULIkhxRVc3g0A/I4UnM15i8FKJ5rtPGT4ebJtd+9t2dy5o6cGo90RbpBxHUTDD9i47HqDrVuoMIpnODRjWjpm1XZladjf9k3ph12F7fCXgx0e3yDYTqDZVyBDVSRJncyLA9dUvOVjKK3feKab0ZdJyzkw4eCIYA50ONO+hGFInrYlII5TY31A4FGWCr33RC7B0G/E/W10GB+VC1Wdc76SKfaQ6LFz307SNi7H/nUVNpCWUSrUpm3G26+4Qv2S+azLHZluJzyMi3vk9oqJBIVZLYTmFw7YazI8DOk7uFejTeJ8BNZvCvMDt1bRlmYIUOPb37gQsMxUnIi0eEaLxd0kqqrUQlVohHes8E4Mi4/R4wXEJLIl9pOhQ0Vz/+aRopPf7KBwx5ZbwCLzAT88GbqXvT4TuRUMwjyIxORP5KY1DagViNCSUO9XHu5/p3HziyoKxuF8Br+fBWpIsxdICq+bsQ7i/nZtcysrrbzZcLVBCuE0JM+0bxqoFAB+Hp85EyNtq8bg74UJwsO+gpheEQvbt0L7Ocedyrz+cy2BNzl1KUYtAQcOZ6IHn+FzCcjtzHOv8xIggN0FW7A9OVRY6C6eowR3NcXnSBEi9QtwqyR5ya1dDwofGHpQWHujFiqWkvaTFefdFg3aSD7ksuCgfqA8S3T3P3Usf9WKrdcN4xMZpM0J0g4cZdAEJ0=
손소독제32,3M 손소독제 새니타이저겔 62% 60ml,"2,300원",https://adcr.naver.com/adcr?x=I+NaBPfHhZX7NAtlT4YXn////w==kJQo1LmdKmkEo6RJe5qpcKIcLA35PS0zWfUI3m1prkTRhoxSMNWvjULIkhxRVc3g0A/I4UnM15i8FKJ5rtPGT4ebJtd+9t2dy5o6cGo90RbpBxHUTDD9i47HqDrVuoMIpnODRjWjpm1XZladjf9k3ph12F7fCXgx0e3yDYTqDZVyBDVSRJncyLA9dUvOVjKK3feKab0ZdJyzkw4eCIYA50ONO+hGFInrYlII5TY31A4FGWCr33RC7B0G/E/W10GB+VC1Wdc76SKfaQ6LFz307SNi7H/nUVNpCWUSrUpm3G26+4Qv2S+azLHZluJzyMi3vk9oqJBIVZLYTmFw7YazI8DOk7uFejTeJ8BNZvCvMDt1bRlmYIUOPb37gQsMxUnIi0eEaLxd0kqqrUQlVohHes8E4Mi4/R4wXEJLIl9pOhQ0Vz/+aRopPf7KBwx5ZbwCLzAT88GbqXvT4TuRUMwjyIxORP5KY1DagViNCSUO9XHu5/p3HziyoKxuF8Br+fBWpIsxdICq+bsQ7i/nZtcysrrbzZcLVBCuE0JM+0bxqoFAB+Hp85EyNtq8bg74UJwsO+gpheEQvbt0L7Ocedyrz+cy2BNzl1KUYtAQcOZ6IHn+FzCcjtzHOv8xIggN0FW7A9OVRY6C6eowR3NcXnSBEi9QtwqyR5ya1dDwofGHpQWHujFiqWkvaTFefdFg3aSD7ksuCgfqA8S3T3P3Usf9WKrdcN4xMZpM0J0g4cZdAEJ0=
손소독제33,옥시 데톨 손 소독 청결제 겔 오리지널 200ml,"4,900원",https://adcr.naver.com/adcr?x=I+NaBPfHhZX7NAtlT4YXn////w==kJQo1LmdKmkEo6RJe5qpcKIcLA35PS0zWfUI3m1prkTRhoxSMNWvjULIkhxRVc3g0A/I4UnM15i8FKJ5rtPGT4ebJtd+9t2dy5o6cGo90RbpBxHUTDD9i47HqDrVuoMIpnODRjWjpm1XZladjf9k3ph12F7fCXgx0e3yDYTqDZVyBDVSRJncyLA9dUvOVjKK3feKab0ZdJyzkw4eCIYA50ONO+hGFInrYlII5TY31A4FGWCr33RC7B0G/E/W10GB+VC1Wdc76SKfaQ6LFz307SNi7H/nUVNpCWUSrUpm3G26+4Qv2S+azLHZluJzyMi3vk9oqJBIVZLYTmFw7YazI8DOk7uFejTeJ8BNZvCvMDt1bRlmYIUOPb37gQsMxUnIi0eEaLxd0kqqrUQlVohHes8E4Mi4/R4wXEJLIl9pOhQ0Vz/+aRopPf7KBwx5ZbwCLzAT88GbqXvT4TuRUMwjyIxORP5KY1DagViNCSUO9XHu5/p3HziyoKxuF8Br+fBWpIsxdICq+bsQ7i/nZtcysrrbzZcLVBCuE0JM+0bxqoFAB+Hp85EyNtq8bg74UJwsO+gpheEQvbt0L7Ocedyrz+cy2BNzl1KUYtAQcOZ6IHn+FzCcjtzHOv8xIggN0FW7A9OVRY6C6eowR3NcXnSBEi9QtwqyR5ya1dDwofGHpQWHujFiqWkvaTFefdFg3aSD7ksuCgfqA8S3T3P3Usf9WKrdcN4xMZpM0J0g4cZdAEJ0=
손소독제34,3M 손소독제 새니타이저 베이직 9270 겔타입 손세정제,"6,900원",https://adcr.naver.com/adcr?x=I+NaBPfHhZX7NAtlT4YXn////w==kJQo1LmdKmkEo6RJe5qpcKIcLA35PS0zWfUI3m1prkTRhoxSMNWvjULIkhxRVc3g0A/I4UnM15i8FKJ5rtPGT4ebJtd+9t2dy5o6cGo90RbpBxHUTDD9i47HqDrVuoMIpnODRjWjpm1XZladjf9k3ph12F7fCXgx0e3yDYTqDZVyBDVSRJncyLA9dUvOVjKK3feKab0ZdJyzkw4eCIYA50ONO+hGFInrYlII5TY31A4FGWCr33RC7B0G/E/W10GB+VC1Wdc76SKfaQ6LFz307SNi7H/nUVNpCWUSrUpm3G26+4Qv2S+azLHZluJzyMi3vk9oqJBIVZLYTmFw7YazI8DOk7uFejTeJ8BNZvCvMDt1bRlmYIUOPb37gQsMxUnIi0eEaLxd0kqqrUQlVohHes8E4Mi4/R4wXEJLIl9pOhQ0Vz/+aRopPf7KBwx5ZbwCLzAT88GbqXvT4TuRUMwjyIxORP5KY1DagViNCSUO9XHu5/p3HziyoKxuF8Br+fBWpIsxdICq+bsQ7i/nZtcysrrbzZcLVBCuE0JM+0bxqoFAB+Hp85EyNtq8bg74UJwsO+gpheEQvbt0L7Ocedyrz+cy2BNzl1KUYtAQcOZ6IHn+FzCcjtzHOv8xIggN0FW7A9OVRY6C6eowR3NcXnSBEi9QtwqyR5ya1dDwofGHpQWHujFiqWkvaTFefdFg3aSD7ksuCgfqA8S3T3P3Usf9WKrdcN4xMZpM0J0g4cZdAEJ0=
손소독제35,닥터핸즈 손소독젤 70ml,"1,480원",https://adcr.naver.com/adcr?x=I+NaBPfHhZX7NAtlT4YXn////w==kJQo1LmdKmkEo6RJe5qpcKIcLA35PS0zWfUI3m1prkTRhoxSMNWvjULIkhxRVc3g0A/I4UnM15i8FKJ5rtPGT4ebJtd+9t2dy5o6cGo90RbpBxHUTDD9i47HqDrVuoMIpnODRjWjpm1XZladjf9k3ph12F7fCXgx0e3yDYTqDZVyBDVSRJncyLA9dUvOVjKK3feKab0ZdJyzkw4eCIYA50ONO+hGFInrYlII5TY31A4FGWCr33RC7B0G/E/W10GB+VC1Wdc76SKfaQ6LFz307SNi7H/nUVNpCWUSrUpm3G26+4Qv2S+azLHZluJzyMi3vk9oqJBIVZLYTmFw7YazI8DOk7uFejTeJ8BNZvCvMDt1bRlmYIUOPb37gQsMxUnIi0eEaLxd0kqqrUQlVohHes8E4Mi4/R4wXEJLIl9pOhQ0Vz/+aRopPf7KBwx5ZbwCLzAT88GbqXvT4TuRUMwjyIxORP5KY1DagViNCSUO9XHu5/p3HziyoKxuF8Br+fBWpIsxdICq+bsQ7i/nZtcysrrbzZcLVBCuE0JM+0bxqoFAB+Hp85EyNtq8bg74UJwsO+gpheEQvbt0L7Ocedyrz+cy2BNzl1KUYtAQcOZ6IHn+FzCcjtzHOv8xIggN0FW7A9OVRY6C6eowR3NcXnSBEi9QtwqyR5ya1dDwofGHpQWHujFiqWkvaTFefdFg3aSD7ksuCgfqA8S3T3P3Usf9WKrdcN4xMZpM0J0g4cZdAEJ0=
손소독제36,클레시스 프리미엄 손소독제 60ml,"4,400원",https://adcr.naver.com/adcr?x=I+NaBPfHhZX7NAtlT4YXn////w==kJQo1LmdKmkEo6RJe5qpcKIcLA35PS0zWfUI3m1prkTRhoxSMNWvjULIkhxRVc3g0A/I4UnM15i8FKJ5rtPGT4ebJtd+9t2dy5o6cGo90RbpBxHUTDD9i47HqDrVuoMIpnODRjWjpm1XZladjf9k3ph12F7fCXgx0e3yDYTqDZVyBDVSRJncyLA9dUvOVjKK3feKab0ZdJyzkw4eCIYA50ONO+hGFInrYlII5TY31A4FGWCr33RC7B0G/E/W10GB+VC1Wdc76SKfaQ6LFz307SNi7H/nUVNpCWUSrUpm3G26+4Qv2S+azLHZluJzyMi3vk9oqJBIVZLYTmFw7YazI8DOk7uFejTeJ8BNZvCvMDt1bRlmYIUOPb37gQsMxUnIi0eEaLxd0kqqrUQlVohHes8E4Mi4/R4wXEJLIl9pOhQ0Vz/+aRopPf7KBwx5ZbwCLzAT88GbqXvT4TuRUMwjyIxORP5KY1DagViNCSUO9XHu5/p3HziyoKxuF8Br+fBWpIsxdICq+bsQ7i/nZtcysrrbzZcLVBCuE0JM+0bxqoFAB+Hp85EyNtq8bg74UJwsO+gpheEQvbt0L7Ocedyrz+cy2BNzl1KUYtAQcOZ6IHn+FzCcjtzHOv8xIggN0FW7A9OVRY6C6eowR3NcXnSBEi9QtwqyR5ya1dDwofGHpQWHujFiqWkvaTFefdFg3aSD7ksuCgfqA8S3T3P3Usf9WKrdcN4xMZpM0J0g4cZdAEJ0=
손소독제37,보습 손 소독제 식약처 허가 의약외품 에탄올 70% 살균 멸균 500ml 약국 병원용 휴대용 세니타이저,"6,900원",https://adcr.naver.com/adcr?x=I+NaBPfHhZX7NAtlT4YXn////w==kJQo1LmdKmkEo6RJe5qpcKIcLA35PS0zWfUI3m1prkTRhoxSMNWvjULIkhxRVc3g0A/I4UnM15i8FKJ5rtPGT4ebJtd+9t2dy5o6cGo90RbpBxHUTDD9i47HqDrVuoMIpnODRjWjpm1XZladjf9k3ph12F7fCXgx0e3yDYTqDZVyBDVSRJncyLA9dUvOVjKK3feKab0ZdJyzkw4eCIYA50ONO+hGFInrYlII5TY31A4FGWCr33RC7B0G/E/W10GB+VC1Wdc76SKfaQ6LFz307SNi7H/nUVNpCWUSrUpm3G26+4Qv2S+azLHZluJzyMi3vk9oqJBIVZLYTmFw7YazI8DOk7uFejTeJ8BNZvCvMDt1bRlmYIUOPb37gQsMxUnIi0eEaLxd0kqqrUQlVohHes8E4Mi4/R4wXEJLIl9pOhQ0Vz/+aRopPf7KBwx5ZbwCLzAT88GbqXvT4TuRUMwjyIxORP5KY1DagViNCSUO9XHu5/p3HziyoKxuF8Br+fBWpIsxdICq+bsQ7i/nZtcysrrbzZcLVBCuE0JM+0bxqoFAB+Hp85EyNtq8bg74UJwsO+gpheEQvbt0L7Ocedyrz+cy2BNzl1KUYtAQcOZ6IHn+FzCcjtzHOv8xIggN0FW7A9OVRY6C6eowR3NcXnSBEi9QtwqyR5ya1dDwofGHpQWHujFiqWkvaTFefdFg3aSD7ksuCgfqA8S3T3P3Usf9WKrdcN4xMZpM0J0g4cZdAEJ0=
손소독제38,로쎄앙 멕킬 손소독제 겔타입 300ml,"4,100원",https://adcr.naver.com/adcr?x=I+NaBPfHhZX7NAtlT4YXn////w==kJQo1LmdKmkEo6RJe5qpcKIcLA35PS0zWfUI3m1prkTRhoxSMNWvjULIkhxRVc3g0A/I4UnM15i8FKJ5rtPGT4ebJtd+9t2dy5o6cGo90RbpBxHUTDD9i47HqDrVuoMIpnODRjWjpm1XZladjf9k3ph12F7fCXgx0e3yDYTqDZVyBDVSRJncyLA9dUvOVjKK3feKab0ZdJyzkw4eCIYA50ONO+hGFInrYlII5TY31A4FGWCr33RC7B0G/E/W10GB+VC1Wdc76SKfaQ6LFz307SNi7H/nUVNpCWUSrUpm3G26+4Qv2S+azLHZluJzyMi3vk9oqJBIVZLYTmFw7YazI8DOk7uFejTeJ8BNZvCvMDt1bRlmYIUOPb37gQsMxUnIi0eEaLxd0kqqrUQlVohHes8E4Mi4/R4wXEJLIl9pOhQ0Vz/+aRopPf7KBwx5ZbwCLzAT88GbqXvT4TuRUMwjyIxORP5KY1DagViNCSUO9XHu5/p3HziyoKxuF8Br+fBWpIsxdICq+bsQ7i/nZtcysrrbzZcLVBCuE0JM+0bxqoFAB+Hp85EyNtq8bg74UJwsO+gpheEQvbt0L7Ocedyrz+cy2BNzl1KUYtAQcOZ6IHn+FzCcjtzHOv8xIggN0FW7A9OVRY6C6eowR3NcXnSBEi9QtwqyR5ya1dDwofGHpQWHujFiqWkvaTFefdFg3aSD7ksuCgfqA8S3T3P3Usf9WKrdcN4xMZpM0J0g4cZdAEJ0=
손소독제39,[착한행사] 식약처허가 플루 프리미엄 손 소독제 겔 5종 휴대용 손소독젤,"2,800원",https://adcr.naver.com/adcr?x=I+NaBPfHhZX7NAtlT4YXn////w==kJQo1LmdKmkEo6RJe5qpcKIcLA35PS0zWfUI3m1prkTRhoxSMNWvjULIkhxRVc3g0A/I4UnM15i8FKJ5rtPGT4ebJtd+9t2dy5o6cGo90RbpBxHUTDD9i47HqDrVuoMIpnODRjWjpm1XZladjf9k3ph12F7fCXgx0e3yDYTqDZVyBDVSRJncyLA9dUvOVjKK3feKab0ZdJyzkw4eCIYA50ONO+hGFInrYlII5TY31A4FGWCr33RC7B0G/E/W10GB+VC1Wdc76SKfaQ6LFz307SNi7H/nUVNpCWUSrUpm3G26+4Qv2S+azLHZluJzyMi3vk9oqJBIVZLYTmFw7YazI8DOk7uFejTeJ8BNZvCvMDt1bRlmYIUOPb37gQsMxUnIi0eEaLxd0kqqrUQlVohHes8E4Mi4/R4wXEJLIl9pOhQ0Vz/+aRopPf7KBwx5ZbwCLzAT88GbqXvT4TuRUMwjyIxORP5KY1DagViNCSUO9XHu5/p3HziyoKxuF8Br+fBWpIsxdICq+bsQ7i/nZtcysrrbzZcLVBCuE0JM+0bxqoFAB+Hp85EyNtq8bg74UJwsO+gpheEQvbt0L7Ocedyrz+cy2BNzl1KUYtAQcOZ6IHn+FzCcjtzHOv8xIggN0FW7A9OVRY6C6eowR3NcXnSBEi9QtwqyR5ya1dDwofGHpQWHujFiqWkvaTFefdFg3aSD7ksuCgfqA8S3T3P3Usf9WKrdcN4xMZpM0J0g4cZdAEJ0=
손소독제40,트리즈 피톤치드 손소독제 500ml,"3,750원",https://adcr.naver.com/adcr?x=I+NaBPfHhZX7NAtlT4YXn////w==kJQo1LmdKmkEo6RJe5qpcKIcLA35PS0zWfUI3m1prkTRhoxSMNWvjULIkhxRVc3g0A/I4UnM15i8FKJ5rtPGT4ebJtd+9t2dy5o6cGo90RbpBxHUTDD9i47HqDrVuoMIpnODRjWjpm1XZladjf9k3ph12F7fCXgx0e3yDYTqDZVyBDVSRJncyLA9dUvOVjKK3feKab0ZdJyzkw4eCIYA50ONO+hGFInrYlII5TY31A4FGWCr33RC7B0G/E/W10GB+VC1Wdc76SKfaQ6LFz307SNi7H/nUVNpCWUSrUpm3G26+4Qv2S+azLHZluJzyMi3vk9oqJBIVZLYTmFw7YazI8DOk7uFejTeJ8BNZvCvMDt1bRlmYIUOPb37gQsMxUnIi0eEaLxd0kqqrUQlVohHes8E4Mi4/R4wXEJLIl9pOhQ0Vz/+aRopPf7KBwx5ZbwCLzAT88GbqXvT4TuRUMwjyIxORP5KY1DagViNCSUO9XHu5/p3HziyoKxuF8Br+fBWpIsxdICq+bsQ7i/nZtcysrrbzZcLVBCuE0JM+0bxqoFAB+Hp85EyNtq8bg74UJwsO+gpheEQvbt0L7Ocedyrz+cy2BNzl1KUYtAQcOZ6IHn+FzCcjtzHOv8xIggN0FW7A9OVRY6C6eowR3NcXnSBEi9QtwqyR5ya1dDwofGHpQWHujFiqWkvaTFefdFg3aSD7ksuCgfqA8S3T3P3Usf9WKrdcN4xMZpM0J0g4cZdAEJ0=
손소독제41,코스맥스 더마클라센 세니타이저겔 500ml,"5,480원",https://adcr.naver.com/adcr?x=I+NaBPfHhZX7NAtlT4YXn////w==kJQo1LmdKmkEo6RJe5qpcKIcLA35PS0zWfUI3m1prkTRhoxSMNWvjULIkhxRVc3g0A/I4UnM15i8FKJ5rtPGT4ebJtd+9t2dy5o6cGo90RbpBxHUTDD9i47HqDrVuoMIpnODRjWjpm1XZladjf9k3ph12F7fCXgx0e3yDYTqDZVyBDVSRJncyLA9dUvOVjKK3feKab0ZdJyzkw4eCIYA50ONO+hGFInrYlII5TY31A4FGWCr33RC7B0G/E/W10GB+VC1Wdc76SKfaQ6LFz307SNi7H/nUVNpCWUSrUpm3G26+4Qv2S+azLHZluJzyMi3vk9oqJBIVZLYTmFw7YazI8DOk7uFejTeJ8BNZvCvMDt1bRlmYIUOPb37gQsMxUnIi0eEaLxd0kqqrUQlVohHes8E4Mi4/R4wXEJLIl9pOhQ0Vz/+aRopPf7KBwx5ZbwCLzAT88GbqXvT4TuRUMwjyIxORP5KY1DagViNCSUO9XHu5/p3HziyoKxuF8Br+fBWpIsxdICq+bsQ7i/nZtcysrrbzZcLVBCuE0JM+0bxqoFAB+Hp85EyNtq8bg74UJwsO+gpheEQvbt0L7Ocedyrz+cy2BNzl1KUYtAQcOZ6IHn+FzCcjtzHOv8xIggN0FW7A9OVRY6C6eowR3NcXnSBEi9QtwqyR5ya1dDwofGHpQWHujFiqWkvaTFefdFg3aSD7ksuCgfqA8S3T3P3Usf9WKrdcN4xMZpM0J0g4cZdAEJ0=
손소독제42,네오메디컬 손소독제 겔타입 500ml 99.9%항균 손소독젤 손소독겔,"5,900원",https://adcr.naver.com/adcr?x=I+NaBPfHhZX7NAtlT4YXn////w==kJQo1LmdKmkEo6RJe5qpcKIcLA35PS0zWfUI3m1prkTRhoxSMNWvjULIkhxRVc3g0A/I4UnM15i8FKJ5rtPGT4ebJtd+9t2dy5o6cGo90RbpBxHUTDD9i47HqDrVuoMIpnODRjWjpm1XZladjf9k3ph12F7fCXgx0e3yDYTqDZVyBDVSRJncyLA9dUvOVjKK3feKab0ZdJyzkw4eCIYA50ONO+hGFInrYlII5TY31A4FGWCr33RC7B0G/E/W10GB+VC1Wdc76SKfaQ6LFz307SNi7H/nUVNpCWUSrUpm3G26+4Qv2S+azLHZluJzyMi3vk9oqJBIVZLYTmFw7YazI8DOk7uFejTeJ8BNZvCvMDt1bRlmYIUOPb37gQsMxUnIi0eEaLxd0kqqrUQlVohHes8E4Mi4/R4wXEJLIl9pOhQ0Vz/+aRopPf7KBwx5ZbwCLzAT88GbqXvT4TuRUMwjyIxORP5KY1DagViNCSUO9XHu5/p3HziyoKxuF8Br+fBWpIsxdICq+bsQ7i/nZtcysrrbzZcLVBCuE0JM+0bxqoFAB+Hp85EyNtq8bg74UJwsO+gpheEQvbt0L7Ocedyrz+cy2BNzl1KUYtAQcOZ6IHn+FzCcjtzHOv8xIggN0FW7A9OVRY6C6eowR3NcXnSBEi9QtwqyR5ya1dDwofGHpQWHujFiqWkvaTFefdFg3aSD7ksuCgfqA8S3T3P3Usf9WKrdcN4xMZpM0J0g4cZdAEJ0=
손소독제43,아이깨끗해 휴대용 손 소독제  50ml  3개,"11,500원",https://adcr.naver.com/adcr?x=I+NaBPfHhZX7NAtlT4YXn////w==kJQo1LmdKmkEo6RJe5qpcKIcLA35PS0zWfUI3m1prkTRhoxSMNWvjULIkhxRVc3g0A/I4UnM15i8FKJ5rtPGT4ebJtd+9t2dy5o6cGo90RbpBxHUTDD9i47HqDrVuoMIpnODRjWjpm1XZladjf9k3ph12F7fCXgx0e3yDYTqDZVyBDVSRJncyLA9dUvOVjKK3feKab0ZdJyzkw4eCIYA50ONO+hGFInrYlII5TY31A4FGWCr33RC7B0G/E/W10GB+VC1Wdc76SKfaQ6LFz307SNi7H/nUVNpCWUSrUpm3G26+4Qv2S+azLHZluJzyMi3vk9oqJBIVZLYTmFw7YazI8DOk7uFejTeJ8BNZvCvMDt1bRlmYIUOPb37gQsMxUnIi0eEaLxd0kqqrUQlVohHes8E4Mi4/R4wXEJLIl9pOhQ0Vz/+aRopPf7KBwx5ZbwCLzAT88GbqXvT4TuRUMwjyIxORP5KY1DagViNCSUO9XHu5/p3HziyoKxuF8Br+fBWpIsxdICq+bsQ7i/nZtcysrrbzZcLVBCuE0JM+0bxqoFAB+Hp85EyNtq8bg74UJwsO+gpheEQvbt0L7Ocedyrz+cy2BNzl1KUYtAQcOZ6IHn+FzCcjtzHOv8xIggN0FW7A9OVRY6C6eowR3NcXnSBEi9QtwqyR5ya1dDwofGHpQWHujFiqWkvaTFefdFg3aSD7ksuCgfqA8S3T3P3Usf9WKrdcN4xMZpM0J0g4cZdAEJ0=
손소독제44,업소용 손소독제 대용량 리필 말통 젤 겔타입 알콜 에탄올75% 70% 바이러스 살균 수출,"46,990원",https://adcr.naver.com/adcr?x=I+NaBPfHhZX7NAtlT4YXn////w==kJQo1LmdKmkEo6RJe5qpcKIcLA35PS0zWfUI3m1prkTRhoxSMNWvjULIkhxRVc3g0A/I4UnM15i8FKJ5rtPGT4ebJtd+9t2dy5o6cGo90RbpBxHUTDD9i47HqDrVuoMIpnODRjWjpm1XZladjf9k3ph12F7fCXgx0e3yDYTqDZVyBDVSRJncyLA9dUvOVjKK3feKab0ZdJyzkw4eCIYA50ONO+hGFInrYlII5TY31A4FGWCr33RC7B0G/E/W10GB+VC1Wdc76SKfaQ6LFz307SNi7H/nUVNpCWUSrUpm3G26+4Qv2S+azLHZluJzyMi3vk9oqJBIVZLYTmFw7YazI8DOk7uFejTeJ8BNZvCvMDt1bRlmYIUOPb37gQsMxUnIi0eEaLxd0kqqrUQlVohHes8E4Mi4/R4wXEJLIl9pOhQ0Vz/+aRopPf7KBwx5ZbwCLzAT88GbqXvT4TuRUMwjyIxORP5KY1DagViNCSUO9XHu5/p3HziyoKxuF8Br+fBWpIsxdICq+bsQ7i/nZtcysrrbzZcLVBCuE0JM+0bxqoFAB+Hp85EyNtq8bg74UJwsO+gpheEQvbt0L7Ocedyrz+cy2BNzl1KUYtAQcOZ6IHn+FzCcjtzHOv8xIggN0FW7A9OVRY6C6eowR3NcXnSBEi9QtwqyR5ya1dDwofGHpQWHujFiqWkvaTFefdFg3aSD7ksuCgfqA8S3T3P3Usf9WKrdcN4xMZpM0J0g4cZdAEJ0=
손소독제45,[미국 FDA 승인][할랄 인증] 손소독제 손세정제 원더핸드 후레쉬겔 500ML 대경제약,"5,700원",https://adcr.naver.com/adcr?x=I+NaBPfHhZX7NAtlT4YXn////w==kJQo1LmdKmkEo6RJe5qpcKIcLA35PS0zWfUI3m1prkTRhoxSMNWvjULIkhxRVc3g0A/I4UnM15i8FKJ5rtPGT4ebJtd+9t2dy5o6cGo90RbpBxHUTDD9i47HqDrVuoMIpnODRjWjpm1XZladjf9k3ph12F7fCXgx0e3yDYTqDZVyBDVSRJncyLA9dUvOVjKK3feKab0ZdJyzkw4eCIYA50ONO+hGFInrYlII5TY31A4FGWCr33RC7B0G/E/W10GB+VC1Wdc76SKfaQ6LFz307SNi7H/nUVNpCWUSrUpm3G26+4Qv2S+azLHZluJzyMi3vk9oqJBIVZLYTmFw7YazI8DOk7uFejTeJ8BNZvCvMDt1bRlmYIUOPb37gQsMxUnIi0eEaLxd0kqqrUQlVohHes8E4Mi4/R4wXEJLIl9pOhQ0Vz/+aRopPf7KBwx5ZbwCLzAT88GbqXvT4TuRUMwjyIxORP5KY1DagViNCSUO9XHu5/p3HziyoKxuF8Br+fBWpIsxdICq+bsQ7i/nZtcysrrbzZcLVBCuE0JM+0bxqoFAB+Hp85EyNtq8bg74UJwsO+gpheEQvbt0L7Ocedyrz+cy2BNzl1KUYtAQcOZ6IHn+FzCcjtzHOv8xIggN0FW7A9OVRY6C6eowR3NcXnSBEi9QtwqyR5ya1dDwofGHpQWHujFiqWkvaTFefdFg3aSD7ksuCgfqA8S3T3P3Usf9WKrdcN4xMZpM0J0g4cZdAEJ0=
손소독제46,휴대용 손소독제 의약외품 답례품 손세정제,"2,360원",https://adcr.naver.com/adcr?x=I+NaBPfHhZX7NAtlT4YXn////w==kJQo1LmdKmkEo6RJe5qpcKIcLA35PS0zWfUI3m1prkTRhoxSMNWvjULIkhxRVc3g0A/I4UnM15i8FKJ5rtPGT4ebJtd+9t2dy5o6cGo90RbpBxHUTDD9i47HqDrVuoMIpnODRjWjpm1XZladjf9k3ph12F7fCXgx0e3yDYTqDZVyBDVSRJncyLA9dUvOVjKK3feKab0ZdJyzkw4eCIYA50ONO+hGFInrYlII5TY31A4FGWCr33RC7B0G/E/W10GB+VC1Wdc76SKfaQ6LFz307SNi7H/nUVNpCWUSrUpm3G26+4Qv2S+azLHZluJzyMi3vk9oqJBIVZLYTmFw7YazI8DOk7uFejTeJ8BNZvCvMDt1bRlmYIUOPb37gQsMxUnIi0eEaLxd0kqqrUQlVohHes8E4Mi4/R4wXEJLIl9pOhQ0Vz/+aRopPf7KBwx5ZbwCLzAT88GbqXvT4TuRUMwjyIxORP5KY1DagViNCSUO9XHu5/p3HziyoKxuF8Br+fBWpIsxdICq+bsQ7i/nZtcysrrbzZcLVBCuE0JM+0bxqoFAB+Hp85EyNtq8bg74UJwsO+gpheEQvbt0L7Ocedyrz+cy2BNzl1KUYtAQcOZ6IHn+FzCcjtzHOv8xIggN0FW7A9OVRY6C6eowR3NcXnSBEi9QtwqyR5ya1dDwofGHpQWHujFiqWkvaTFefdFg3aSD7ksuCgfqA8S3T3P3Usf9WKrdcN4xMZpM0J0g4cZdAEJ0=
손소독제47,휴대용 손소독제 손세정제 500ml 30ml 식약처인증,"3,000원",https://adcr.naver.com/adcr?x=I+NaBPfHhZX7NAtlT4YXn////w==kJQo1LmdKmkEo6RJe5qpcKIcLA35PS0zWfUI3m1prkTRhoxSMNWvjULIkhxRVc3g0A/I4UnM15i8FKJ5rtPGT4ebJtd+9t2dy5o6cGo90RbpBxHUTDD9i47HqDrVuoMIpnODRjWjpm1XZladjf9k3ph12F7fCXgx0e3yDYTqDZVyBDVSRJncyLA9dUvOVjKK3feKab0ZdJyzkw4eCIYA50ONO+hGFInrYlII5TY31A4FGWCr33RC7B0G/E/W10GB+VC1Wdc76SKfaQ6LFz307SNi7H/nUVNpCWUSrUpm3G26+4Qv2S+azLHZluJzyMi3vk9oqJBIVZLYTmFw7YazI8DOk7uFejTeJ8BNZvCvMDt1bRlmYIUOPb37gQsMxUnIi0eEaLxd0kqqrUQlVohHes8E4Mi4/R4wXEJLIl9pOhQ0Vz/+aRopPf7KBwx5ZbwCLzAT88GbqXvT4TuRUMwjyIxORP5KY1DagViNCSUO9XHu5/p3HziyoKxuF8Br+fBWpIsxdICq+bsQ7i/nZtcysrrbzZcLVBCuE0JM+0bxqoFAB+Hp85EyNtq8bg74UJwsO+gpheEQvbt0L7Ocedyrz+cy2BNzl1KUYtAQcOZ6IHn+FzCcjtzHOv8xIggN0FW7A9OVRY6C6eowR3NcXnSBEi9QtwqyR5ya1dDwofGHpQWHujFiqWkvaTFefdFg3aSD7ksuCgfqA8S3T3P3Usf9WKrdcN4xMZpM0J0g4cZdAEJ0=
손소독제48,휴대용 알콜 소독겔 젤 겔타입100ml 에탄올 알코올 이너 핸드클리너 약국 병원 의약외품,"3,600원",https://adcr.naver.com/adcr?x=I+NaBPfHhZX7NAtlT4YXn////w==kJQo1LmdKmkEo6RJe5qpcKIcLA35PS0zWfUI3m1prkTRhoxSMNWvjULIkhxRVc3g0A/I4UnM15i8FKJ5rtPGT4ebJtd+9t2dy5o6cGo90RbpBxHUTDD9i47HqDrVuoMIpnODRjWjpm1XZladjf9k3ph12F7fCXgx0e3yDYTqDZVyBDVSRJncyLA9dUvOVjKK3feKab0ZdJyzkw4eCIYA50ONO+hGFInrYlII5TY31A4FGWCr33RC7B0G/E/W10GB+VC1Wdc76SKfaQ6LFz307SNi7H/nUVNpCWUSrUpm3G26+4Qv2S+azLHZluJzyMi3vk9oqJBIVZLYTmFw7YazI8DOk7uFejTeJ8BNZvCvMDt1bRlmYIUOPb37gQsMxUnIi0eEaLxd0kqqrUQlVohHes8E4Mi4/R4wXEJLIl9pOhQ0Vz/+aRopPf7KBwx5ZbwCLzAT88GbqXvT4TuRUMwjyIxORP5KY1DagViNCSUO9XHu5/p3HziyoKxuF8Br+fBWpIsxdICq+bsQ7i/nZtcysrrbzZcLVBCuE0JM+0bxqoFAB+Hp85EyNtq8bg74UJwsO+gpheEQvbt0L7Ocedyrz+cy2BNzl1KUYtAQcOZ6IHn+FzCcjtzHOv8xIggN0FW7A9OVRY6C6eowR3NcXnSBEi9QtwqyR5ya1dDwofGHpQWHujFiqWkvaTFefdFg3aSD7ksuCgfqA8S3T3P3Usf9WKrdcN4xMZpM0J0g4cZdAEJ0=
